Date,BNM_OPR,MGS_3Y,MGS_5Y,MGS_10Y
2018-01-01,3.25,3.556,3.807,4.057
2018-01-02,3.25,3.548,3.798,4.048
2018-01-03,3.25,3.558,3.809,4.06
2018-01-04,3.25,3.568,3.821,4.073
2018-01-05,3.25,3.547,3.797,4.046
2018-01-08,3.25,3.547,3.797,4.046
2018-01-09,3.25,3.569,3.821,4.074
2018-01-10,3.25,3.559,3.81,4.062
2018-01-11,3.25,3.544,3.794,4.043
2018-01-12,3.25,3.557,3.807,4.058
2018-01-15,3.25,3.544,3.794,4.043
2018-01-16,3.25,3.544,3.794,4.043
2018-01-17,3.25,3.553,3.803,4.054
2018-01-18,3.25,3.527,3.774,4.021
2018-01-19,3.25,3.529,3.777,4.024
2018-01-22,3.25,3.543,3.792,4.042
2018-01-23,3.25,3.538,3.786,4.035
2018-01-24,3.25,3.554,3.804,4.055
2018-01-25,3.25,3.539,3.788,4.036
2018-01-26,3.25,3.533,3.781,4.029
2018-01-29,3.25,3.568,3.82,4.072
2018-01-30,3.25,3.547,3.797,4.047
2018-01-31,3.25,3.551,3.801,4.051
2018-02-01,3.25,3.533,3.781,4.029
2018-02-02,3.25,3.543,3.793,4.042
2018-02-05,3.25,3.551,3.801,4.052
2018-02-06,3.25,3.536,3.784,4.033
2018-02-07,3.25,3.555,3.805,4.056
2018-02-08,3.25,3.543,3.792,4.041
2018-02-09,3.25,3.546,3.796,4.046
2018-02-12,3.25,3.543,3.792,4.041
2018-02-13,3.25,3.572,3.825,4.078
2018-02-14,3.25,3.55,3.8,4.05
2018-02-15,3.25,3.537,3.786,4.034
2018-02-16,3.25,3.56,3.811,4.062
2018-02-19,3.25,3.535,3.784,4.032
2018-02-20,3.25,3.553,3.803,4.053
2018-02-21,3.25,3.526,3.774,4.021
2018-02-22,3.25,3.534,3.782,4.03
2018-02-23,3.25,3.552,3.803,4.053
2018-02-26,3.25,3.559,3.81,4.061
2018-02-27,3.25,3.552,3.802,4.053
2018-02-28,3.25,3.549,3.798,4.048
2018-03-01,3.25,3.546,3.796,4.045
2018-03-02,3.25,3.532,3.78,4.028
2018-03-05,3.25,3.541,3.79,4.039
2018-03-06,3.25,3.544,3.794,4.043
2018-03-07,3.25,3.563,3.814,4.066
2018-03-08,3.25,3.554,3.805,4.055
2018-03-09,3.25,3.529,3.776,4.024
2018-03-12,3.25,3.554,3.804,4.055
2018-03-13,3.25,3.545,3.795,4.044
2018-03-14,3.25,3.542,3.791,4.04
2018-03-15,3.25,3.557,3.808,4.059
2018-03-16,3.25,3.562,3.814,4.065
2018-03-19,3.25,3.561,3.813,4.064
2018-03-20,3.25,3.54,3.789,4.037
2018-03-21,3.25,3.546,3.796,4.045
2018-03-22,3.25,3.554,3.804,4.055
2018-03-23,3.25,3.562,3.813,4.065
2018-03-26,3.25,3.544,3.794,4.043
2018-03-27,3.25,3.548,3.797,4.047
2018-03-28,3.25,3.537,3.785,4.033
2018-03-29,3.25,3.536,3.784,4.032
2018-03-30,3.25,3.56,3.811,4.062
2018-04-02,3.25,3.566,3.818,4.07
2018-04-03,3.25,3.549,3.799,4.049
2018-04-04,3.25,3.562,3.814,4.065
2018-04-05,3.25,3.554,3.805,4.055
2018-04-06,3.25,3.542,3.791,4.04
2018-04-09,3.25,3.554,3.805,4.055
2018-04-10,3.25,3.568,3.821,4.073
2018-04-11,3.25,3.55,3.8,4.049
2018-04-12,3.25,3.569,3.821,4.073
2018-04-13,3.25,3.519,3.765,4.011
2018-04-16,3.25,3.56,3.811,4.062
2018-04-17,3.25,3.551,3.801,4.051
2018-04-18,3.25,3.546,3.796,4.046
2018-04-19,3.25,3.551,3.801,4.051
2018-04-20,3.25,3.526,3.773,4.02
2018-04-23,3.25,3.547,3.797,4.047
2018-04-24,3.25,3.554,3.805,4.055
2018-04-25,3.25,3.568,3.82,4.072
2018-04-26,3.25,3.544,3.793,4.042
2018-04-27,3.25,3.54,3.789,4.038
2018-04-30,3.25,3.544,3.793,4.042
2018-05-01,3.25,3.561,3.812,4.064
2018-05-02,3.25,3.554,3.804,4.055
2018-05-03,3.25,3.544,3.793,4.042
2018-05-04,3.25,3.556,3.807,4.058
2018-05-07,3.25,3.551,3.801,4.051
2018-05-08,3.25,3.562,3.813,4.065
2018-05-09,3.25,3.542,3.791,4.039
2018-05-10,3.25,3.546,3.796,4.045
2018-05-11,3.25,3.545,3.795,4.044
2018-05-14,3.25,3.532,3.78,4.028
2018-05-15,3.25,3.554,3.804,4.054
2018-05-16,3.25,3.553,3.804,4.054
2018-05-17,3.25,3.55,3.8,4.05
2018-05-18,3.25,3.547,3.797,4.046
2018-05-21,3.25,3.533,3.781,4.029
2018-05-22,3.25,3.545,3.794,4.044
2018-05-23,3.25,3.546,3.795,4.045
2018-05-24,3.25,3.54,3.789,4.038
2018-05-25,3.25,3.548,3.798,4.048
2018-05-28,3.25,3.555,3.805,4.056
2018-05-29,3.25,3.573,3.825,4.078
2018-05-30,3.25,3.552,3.802,4.053
2018-05-31,3.25,3.553,3.803,4.054
2018-06-01,3.25,3.549,3.799,4.049
2018-06-04,3.25,3.527,3.774,4.021
2018-06-05,3.25,3.55,3.8,4.05
2018-06-06,3.25,3.551,3.801,4.051
2018-06-07,3.25,3.58,3.833,4.087
2018-06-08,3.25,3.548,3.797,4.047
2018-06-11,3.25,3.554,3.804,4.055
2018-06-12,3.25,3.55,3.8,4.049
2018-06-13,3.25,3.536,3.784,4.032
2018-06-14,3.25,3.564,3.815,4.067
2018-06-15,3.25,3.559,3.81,4.061
2018-06-18,3.25,3.559,3.811,4.062
2018-06-19,3.25,3.539,3.788,4.036
2018-06-20,3.25,3.567,3.819,4.071
2018-06-21,3.25,3.533,3.781,4.029
2018-06-22,3.25,3.557,3.808,4.059
2018-06-25,3.25,3.576,3.83,4.083
2018-06-26,3.25,3.538,3.787,4.035
2018-06-27,3.25,3.543,3.792,4.042
2018-06-28,3.25,3.551,3.801,4.051
2018-06-29,3.25,3.544,3.793,4.042
2018-07-02,3.25,3.531,3.779,4.027
2018-07-03,3.25,3.551,3.801,4.051
2018-07-04,3.25,3.537,3.786,4.034
2018-07-05,3.25,3.556,3.806,4.057
2018-07-06,3.25,3.539,3.788,4.036
2018-07-09,3.25,3.569,3.821,4.073
2018-07-10,3.25,3.541,3.789,4.038
2018-07-11,3.25,3.546,3.796,4.045
2018-07-12,3.25,3.56,3.811,4.062
2018-07-13,3.25,3.535,3.783,4.032
2018-07-16,3.25,3.553,3.803,4.053
2018-07-17,3.25,3.566,3.818,4.07
2018-07-18,3.25,3.531,3.778,4.026
2018-07-19,3.25,3.552,3.802,4.053
2018-07-20,3.25,3.553,3.804,4.054
2018-07-23,3.25,3.559,3.811,4.062
2018-07-24,3.25,3.535,3.783,4.031
2018-07-25,3.25,3.534,3.782,4.03
2018-07-26,3.25,3.556,3.807,4.058
2018-07-27,3.25,3.554,3.804,4.054
2018-07-30,3.25,3.553,3.803,4.054
2018-07-31,3.25,3.554,3.805,4.055
2018-08-01,3.25,3.542,3.791,4.04
2018-08-02,3.25,3.553,3.803,4.053
2018-08-03,3.25,3.554,3.804,4.054
2018-08-06,3.25,3.541,3.79,4.039
2018-08-07,3.25,3.572,3.825,4.078
2018-08-08,3.25,3.556,3.806,4.057
2018-08-09,3.25,3.536,3.784,4.032
2018-08-10,3.25,3.558,3.809,4.06
2018-08-13,3.25,3.538,3.787,4.035
2018-08-14,3.25,3.559,3.811,4.062
2018-08-15,3.25,3.564,3.816,4.067
2018-08-16,3.25,3.54,3.789,4.038
2018-08-17,3.25,3.562,3.813,4.064
2018-08-20,3.25,3.555,3.806,4.056
2018-08-21,3.25,3.56,3.811,4.062
2018-08-22,3.25,3.573,3.826,4.078
2018-08-23,3.25,3.547,3.797,4.046
2018-08-24,3.25,3.541,3.79,4.039
2018-08-27,3.25,3.539,3.788,4.037
2018-08-28,3.25,3.54,3.789,4.038
2018-08-29,3.25,3.549,3.799,4.049
2018-08-30,3.25,3.554,3.805,4.055
2018-08-31,3.25,3.553,3.804,4.054
2018-09-03,3.25,3.56,3.811,4.062
2018-09-04,3.25,3.55,3.8,4.05
2018-09-05,3.25,3.567,3.82,4.072
2018-09-06,3.25,3.547,3.796,4.046
2018-09-07,3.25,3.583,3.837,4.091
2018-09-10,3.25,3.558,3.808,4.059
2018-09-11,3.25,3.54,3.788,4.037
2018-09-12,3.25,3.537,3.786,4.034
2018-09-13,3.25,3.556,3.807,4.057
2018-09-14,3.25,3.547,3.797,4.047
2018-09-17,3.25,3.559,3.81,4.061
2018-09-18,3.25,3.556,3.806,4.057
2018-09-19,3.25,3.549,3.799,4.049
2018-09-20,3.25,3.54,3.789,4.037
2018-09-21,3.25,3.532,3.78,4.027
2018-09-24,3.25,3.545,3.794,4.043
2018-09-25,3.25,3.56,3.812,4.063
2018-09-26,3.25,3.553,3.803,4.053
2018-09-27,3.25,3.535,3.783,4.031
2018-09-28,3.25,3.552,3.802,4.053
2018-10-01,3.25,3.555,3.805,4.056
2018-10-02,3.25,3.539,3.788,4.037
2018-10-03,3.25,3.552,3.802,4.052
2018-10-04,3.25,3.551,3.801,4.051
2018-10-05,3.25,3.536,3.785,4.033
2018-10-08,3.25,3.554,3.805,4.055
2018-10-09,3.25,3.557,3.808,4.058
2018-10-10,3.25,3.563,3.815,4.066
2018-10-11,3.25,3.563,3.814,4.066
2018-10-12,3.25,3.533,3.781,4.029
2018-10-15,3.25,3.539,3.787,4.036
2018-10-16,3.25,3.556,3.807,4.058
2018-10-17,3.25,3.556,3.807,4.058
2018-10-18,3.25,3.556,3.807,4.058
2018-10-19,3.25,3.596,3.852,4.108
2018-10-22,3.25,3.557,3.808,4.059
2018-10-23,3.25,3.564,3.815,4.067
2018-10-24,3.25,3.561,3.813,4.064
2018-10-25,3.25,3.558,3.809,4.06
2018-10-26,3.25,3.546,3.796,4.045
2018-10-29,3.25,3.559,3.81,4.061
2018-10-30,3.25,3.541,3.79,4.038
2018-10-31,3.25,3.547,3.797,4.046
2018-11-01,3.25,3.544,3.793,4.043
2018-11-02,3.25,3.551,3.801,4.051
2018-11-05,3.25,3.578,3.831,4.085
2018-11-06,3.25,3.528,3.775,4.022
2018-11-07,3.25,3.558,3.809,4.06
2018-11-08,3.25,3.531,3.778,4.026
2018-11-09,3.25,3.544,3.794,4.043
2018-11-12,3.25,3.563,3.815,4.066
2018-11-13,3.25,3.551,3.801,4.051
2018-11-14,3.25,3.537,3.785,4.034
2018-11-15,3.25,3.541,3.79,4.039
2018-11-16,3.25,3.558,3.809,4.06
2018-11-19,3.25,3.541,3.79,4.039
2018-11-20,3.25,3.553,3.803,4.053
2018-11-21,3.25,3.551,3.801,4.051
2018-11-22,3.25,3.542,3.791,4.04
2018-11-23,3.25,3.576,3.829,4.082
2018-11-26,3.25,3.558,3.809,4.06
2018-11-27,3.25,3.526,3.773,4.02
2018-11-28,3.25,3.552,3.803,4.053
2018-11-29,3.25,3.542,3.791,4.04
2018-11-30,3.25,3.56,3.812,4.063
2018-12-03,3.25,3.54,3.789,4.038
2018-12-04,3.25,3.549,3.798,4.048
2018-12-05,3.25,3.556,3.807,4.058
2018-12-06,3.25,3.56,3.812,4.063
2018-12-07,3.25,3.536,3.784,4.032
2018-12-10,3.25,3.546,3.795,4.045
2018-12-11,3.25,3.544,3.794,4.043
2018-12-12,3.25,3.542,3.791,4.04
2018-12-13,3.25,3.571,3.824,4.076
2018-12-14,3.25,3.555,3.805,4.056
2018-12-17,3.25,3.535,3.783,4.031
2018-12-18,3.25,3.561,3.812,4.064
2018-12-19,3.25,3.575,3.829,4.082
2018-12-20,3.25,3.562,3.814,4.065
2018-12-21,3.25,3.532,3.779,4.027
2018-12-24,3.25,3.544,3.793,4.043
2018-12-25,3.25,3.565,3.817,4.069
2018-12-26,3.25,3.542,3.79,4.039
2018-12-27,3.25,3.555,3.806,4.057
2018-12-28,3.25,3.559,3.81,4.062
2018-12-31,3.25,3.539,3.787,4.036
2019-01-01,3.25,3.549,3.799,4.049
2019-01-02,3.25,3.511,3.756,4.001
2019-01-03,3.25,3.538,3.786,4.035
2019-01-04,3.25,3.547,3.797,4.046
2019-01-07,3.25,3.535,3.783,4.031
2019-01-08,3.25,3.57,3.822,4.074
2019-01-09,3.25,3.533,3.781,4.029
2019-01-10,3.25,3.545,3.794,4.043
2019-01-11,3.25,3.552,3.802,4.052
2019-01-14,3.25,3.567,3.819,4.072
2019-01-15,3.25,3.533,3.781,4.028
2019-01-16,3.25,3.564,3.816,4.067
2019-01-17,3.25,3.55,3.8,4.05
2019-01-18,3.25,3.538,3.787,4.035
2019-01-21,3.25,3.556,3.806,4.057
2019-01-22,3.25,3.552,3.803,4.053
2019-01-23,3.25,3.543,3.792,4.041
2019-01-24,3.25,3.551,3.801,4.051
2019-01-25,3.25,3.545,3.795,4.044
2019-01-28,3.25,3.551,3.802,4.052
2019-01-29,3.25,3.558,3.809,4.06
2019-01-30,3.25,3.569,3.821,4.074
2019-01-31,3.25,3.535,3.783,4.031
2019-02-01,3.25,3.576,3.829,4.082
2019-02-04,3.25,3.527,3.774,4.021
2019-02-05,3.25,3.548,3.798,4.048
2019-02-06,3.25,3.557,3.808,4.059
2019-02-07,3.25,3.553,3.804,4.054
2019-02-08,3.25,3.543,3.792,4.041
2019-02-11,3.25,3.548,3.797,4.047
2019-02-12,3.25,3.544,3.793,4.043
2019-02-13,3.25,3.543,3.792,4.041
2019-02-14,3.25,3.56,3.811,4.063
2019-02-15,3.25,3.554,3.805,4.055
2019-02-18,3.25,3.542,3.791,4.04
2019-02-19,3.25,3.561,3.812,4.063
2019-02-20,3.25,3.554,3.804,4.055
2019-02-21,3.25,3.56,3.811,4.062
2019-02-22,3.25,3.558,3.808,4.059
2019-02-25,3.25,3.54,3.789,4.038
2019-02-26,3.25,3.543,3.792,4.042
2019-02-27,3.25,3.559,3.81,4.061
2019-02-28,3.25,3.557,3.808,4.059
2019-03-01,3.25,3.55,3.8,4.05
2019-03-04,3.25,3.551,3.802,4.052
2019-03-05,3.25,3.565,3.817,4.069
2019-03-06,3.25,3.543,3.792,4.041
2019-03-07,3.25,3.557,3.807,4.058
2019-03-08,3.25,3.548,3.797,4.047
2019-03-11,3.25,3.547,3.797,4.047
2019-03-12,3.25,3.563,3.815,4.066
2019-03-13,3.25,3.56,3.811,4.062
2019-03-14,3.25,3.56,3.811,4.062
2019-03-15,3.25,3.566,3.818,4.07
2019-03-18,3.25,3.55,3.8,4.05
2019-03-19,3.25,3.558,3.809,4.06
2019-03-20,3.25,3.546,3.796,4.045
2019-03-21,3.25,3.554,3.804,4.055
2019-03-22,3.25,3.548,3.798,4.048
2019-03-25,3.25,3.551,3.801,4.051
2019-03-26,3.25,3.557,3.808,4.059
2019-03-27,3.25,3.54,3.789,4.038
2019-03-28,3.25,3.575,3.828,4.081
2019-03-29,3.25,3.538,3.786,4.035
2019-04-01,3.25,3.535,3.784,4.032
2019-04-02,3.25,3.564,3.816,4.067
2019-04-03,3.25,3.559,3.811,4.062
2019-04-04,3.25,3.557,3.808,4.059
2019-04-05,3.25,3.558,3.808,4.059
2019-04-08,3.25,3.55,3.8,4.05
2019-04-09,3.25,3.539,3.788,4.037
2019-04-10,3.25,3.551,3.801,4.051
2019-04-11,3.25,3.542,3.791,4.04
2019-04-12,3.25,3.562,3.813,4.065
2019-04-15,3.25,3.548,3.798,4.048
2019-04-16,3.25,3.54,3.789,4.038
2019-04-17,3.25,3.546,3.796,4.045
2019-04-18,3.25,3.555,3.806,4.056
2019-04-19,3.25,3.543,3.792,4.042
2019-04-22,3.25,3.54,3.789,4.038
2019-04-23,3.25,3.553,3.803,4.054
2019-04-24,3.25,3.553,3.803,4.054
2019-04-25,3.25,3.544,3.793,4.042
2019-04-26,3.25,3.544,3.794,4.043
2019-04-29,3.25,3.553,3.803,4.053
2019-04-30,3.25,3.533,3.78,4.028
2019-05-01,3.0,3.247,3.445,3.633
2019-05-02,3.0,3.254,3.453,3.642
2019-05-03,3.0,3.259,3.459,3.649
2019-05-06,3.0,3.265,3.465,3.656
2019-05-07,3.0,3.278,3.48,3.673
2019-05-08,3.0,3.27,3.472,3.663
2019-05-09,3.0,3.258,3.458,3.648
2019-05-10,3.0,3.26,3.46,3.65
2019-05-13,3.0,3.248,3.447,3.635
2019-05-14,3.0,3.26,3.46,3.65
2019-05-15,3.0,3.258,3.457,3.647
2019-05-16,3.0,3.266,3.466,3.657
2019-05-17,3.0,3.253,3.452,3.641
2019-05-20,3.0,3.27,3.471,3.663
2019-05-21,3.0,3.283,3.486,3.679
2019-05-22,3.0,3.265,3.465,3.656
2019-05-23,3.0,3.273,3.473,3.666
2019-05-24,3.0,3.278,3.479,3.672
2019-05-27,3.0,3.267,3.466,3.658
2019-05-28,3.0,3.276,3.476,3.67
2019-05-29,3.0,3.275,3.475,3.669
2019-05-30,3.0,3.279,3.479,3.673
2019-05-31,3.0,3.27,3.469,3.663
2019-06-03,3.0,3.282,3.482,3.678
2019-06-04,3.0,3.29,3.491,3.688
2019-06-05,3.0,3.304,3.507,3.705
2019-06-06,3.0,3.301,3.502,3.701
2019-06-07,3.0,3.318,3.521,3.722
2019-06-10,3.0,3.285,3.484,3.682
2019-06-11,3.0,3.308,3.509,3.71
2019-06-12,3.0,3.302,3.502,3.703
2019-06-13,3.0,3.329,3.532,3.736
2019-06-14,3.0,3.296,3.494,3.695
2019-06-17,3.0,3.298,3.497,3.697
2019-06-18,3.0,3.303,3.502,3.704
2019-06-19,3.0,3.288,3.484,3.685
2019-06-20,3.0,3.309,3.509,3.712
2019-06-21,3.0,3.309,3.508,3.711
2019-06-24,3.0,3.322,3.522,3.728
2019-06-25,3.0,3.327,3.527,3.733
2019-06-26,3.0,3.347,3.55,3.759
2019-06-27,3.0,3.338,3.54,3.748
2019-06-28,3.0,3.322,3.521,3.727
2019-07-01,3.0,3.32,3.518,3.725
2019-07-02,3.0,3.338,3.539,3.748
2019-07-03,3.0,3.318,3.516,3.722
2019-07-04,3.0,3.357,3.56,3.771
2019-07-05,3.0,3.35,3.552,3.763
2019-07-08,3.0,3.332,3.531,3.74
2019-07-09,3.0,3.318,3.515,3.722
2019-07-10,3.0,3.355,3.557,3.769
2019-07-11,3.0,3.338,3.538,3.748
2019-07-12,3.0,3.355,3.556,3.768
2019-07-15,3.0,3.321,3.518,3.726
2019-07-16,3.0,3.333,3.532,3.741
2019-07-17,3.0,3.34,3.54,3.75
2019-07-18,3.0,3.34,3.54,3.75
2019-07-19,3.0,3.334,3.533,3.742
2019-07-22,3.0,3.346,3.547,3.757
2019-07-23,3.0,3.325,3.523,3.731
2019-07-24,3.0,3.335,3.534,3.743
2019-07-25,3.0,3.337,3.537,3.746
2019-07-26,3.0,3.34,3.541,3.75
2019-07-29,3.0,3.341,3.542,3.751
2019-07-30,3.0,3.317,3.516,3.721
2019-07-31,3.0,3.31,3.508,3.713
2019-08-01,3.0,3.342,3.544,3.753
2019-08-02,3.0,3.329,3.529,3.736
2019-08-05,3.0,3.314,3.513,3.717
2019-08-06,3.0,3.339,3.542,3.749
2019-08-07,3.0,3.32,3.52,3.725
2019-08-08,3.0,3.33,3.532,3.738
2019-08-09,3.0,3.314,3.514,3.718
2019-08-12,3.0,3.336,3.539,3.744
2019-08-13,3.0,3.329,3.532,3.737
2019-08-14,3.0,3.303,3.502,3.703
2019-08-15,3.0,3.315,3.516,3.718
2019-08-16,3.0,3.308,3.509,3.71
2019-08-19,3.0,3.314,3.516,3.718
2019-08-20,3.0,3.283,3.482,3.679
2019-08-21,3.0,3.301,3.502,3.701
2019-08-22,3.0,3.302,3.504,3.703
2019-08-23,3.0,3.266,3.463,3.658
2019-08-26,3.0,3.271,3.469,3.663
2019-08-27,3.0,3.258,3.455,3.647
2019-08-28,3.0,3.277,3.476,3.671
2019-08-29,3.0,3.286,3.487,3.683
2019-08-30,3.0,3.294,3.496,3.692
2019-09-02,3.0,3.274,3.474,3.668
2019-09-03,3.0,3.291,3.494,3.689
2019-09-04,3.0,3.253,3.451,3.641
2019-09-05,3.0,3.248,3.445,3.634
2019-09-06,3.0,3.266,3.466,3.657
2019-09-09,3.0,3.27,3.47,3.662
2019-09-10,3.0,3.264,3.463,3.654
2019-09-11,3.0,3.238,3.435,3.623
2019-09-12,3.0,3.261,3.461,3.651
2019-09-13,3.0,3.246,3.444,3.632
2019-09-16,3.0,3.269,3.47,3.661
2019-09-17,3.0,3.265,3.465,3.656
2019-09-18,3.0,3.249,3.447,3.636
2019-09-19,3.0,3.254,3.453,3.642
2019-09-20,3.0,3.247,3.446,3.634
2019-09-23,3.0,3.26,3.46,3.65
2019-09-24,3.0,3.272,3.474,3.666
2019-09-25,3.0,3.25,3.448,3.637
2019-09-26,3.0,3.269,3.469,3.661
2019-09-27,3.0,3.257,3.456,3.646
2019-09-30,3.0,3.255,3.454,3.644
2019-10-01,3.0,3.265,3.465,3.656
2019-10-02,3.0,3.255,3.454,3.644
2019-10-03,3.0,3.262,3.462,3.653
2019-10-04,3.0,3.256,3.455,3.646
2019-10-07,3.0,3.296,3.499,3.695
2019-10-08,3.0,3.275,3.475,3.669
2019-10-09,3.0,3.268,3.467,3.661
2019-10-10,3.0,3.282,3.482,3.677
2019-10-11,3.0,3.28,3.48,3.675
2019-10-14,3.0,3.281,3.481,3.676
2019-10-15,3.0,3.294,3.495,3.692
2019-10-16,3.0,3.298,3.499,3.697
2019-10-17,3.0,3.285,3.484,3.681
2019-10-18,3.0,3.287,3.486,3.684
2019-10-21,3.0,3.293,3.493,3.692
2019-10-22,3.0,3.272,3.468,3.665
2019-10-23,3.0,3.284,3.482,3.68
2019-10-24,3.0,3.321,3.523,3.726
2019-10-25,3.0,3.327,3.53,3.734
2019-10-28,3.0,3.307,3.507,3.709
2019-10-29,3.0,3.319,3.52,3.724
2019-10-30,3.0,3.319,3.519,3.723
2019-10-31,3.0,3.354,3.559,3.768
2019-11-01,3.0,3.333,3.535,3.742
2019-11-04,3.0,3.321,3.52,3.726
2019-11-05,3.0,3.313,3.511,3.716
2019-11-06,3.0,3.307,3.505,3.709
2019-11-07,3.0,3.331,3.531,3.738
2019-11-08,3.0,3.321,3.52,3.726
2019-11-11,3.0,3.315,3.513,3.718
2019-11-12,3.0,3.326,3.525,3.732
2019-11-13,3.0,3.322,3.52,3.727
2019-11-14,3.0,3.356,3.559,3.77
2019-11-15,3.0,3.348,3.549,3.76
2019-11-18,3.0,3.338,3.538,3.747
2019-11-19,3.0,3.356,3.559,3.771
2019-11-20,3.0,3.34,3.54,3.75
2019-11-21,3.0,3.329,3.528,3.737
2019-11-22,3.0,3.358,3.561,3.773
2019-11-25,3.0,3.346,3.547,3.758
2019-11-26,3.0,3.327,3.526,3.734
2019-11-27,3.0,3.337,3.537,3.747
2019-11-28,3.0,3.329,3.527,3.736
2019-11-29,3.0,3.322,3.52,3.727
2019-12-02,3.0,3.349,3.55,3.761
2019-12-03,3.0,3.36,3.562,3.774
2019-12-04,3.0,3.319,3.517,3.723
2019-12-05,3.0,3.341,3.542,3.751
2019-12-06,3.0,3.325,3.524,3.731
2019-12-09,3.0,3.325,3.525,3.732
2019-12-10,3.0,3.322,3.521,3.728
2019-12-11,3.0,3.317,3.516,3.721
2019-12-12,3.0,3.326,3.526,3.733
2019-12-13,3.0,3.313,3.512,3.717
2019-12-16,3.0,3.324,3.525,3.731
2019-12-17,3.0,3.318,3.518,3.723
2019-12-18,3.0,3.314,3.513,3.717
2019-12-19,3.0,3.303,3.502,3.704
2019-12-20,3.0,3.305,3.504,3.706
2019-12-23,3.0,3.318,3.519,3.722
2019-12-24,3.0,3.312,3.513,3.715
2019-12-25,3.0,3.292,3.49,3.69
2019-12-26,3.0,3.302,3.502,3.703
2019-12-27,3.0,3.307,3.508,3.709
2019-12-30,3.0,3.276,3.473,3.67
2019-12-31,3.0,3.3,3.5,3.699
2020-01-01,1.75,2.153,2.457,2.762
2020-01-02,1.75,2.172,2.479,2.787
2020-01-03,1.75,2.16,2.467,2.773
2020-01-06,1.75,2.152,2.458,2.764
2020-01-07,1.75,2.159,2.466,2.774
2020-01-08,1.75,2.183,2.495,2.806
2020-01-09,1.75,2.19,2.503,2.816
2020-01-10,1.75,2.181,2.493,2.805
2020-01-13,1.75,2.204,2.52,2.835
2020-01-14,1.75,2.181,2.494,2.808
2020-01-15,1.75,2.204,2.521,2.838
2020-01-16,1.75,2.194,2.511,2.827
2020-01-17,1.75,2.205,2.524,2.842
2020-01-20,1.75,2.217,2.538,2.858
2020-01-21,1.75,2.21,2.53,2.851
2020-01-22,1.75,2.22,2.541,2.863
2020-01-23,1.75,2.24,2.564,2.889
2020-01-24,1.75,2.224,2.547,2.87
2020-01-27,1.75,2.244,2.57,2.896
2020-01-28,1.75,2.223,2.547,2.871
2020-01-29,1.75,2.245,2.572,2.899
2020-01-30,1.75,2.258,2.587,2.916
2020-01-31,1.75,2.213,2.537,2.86
2020-02-03,1.75,2.234,2.561,2.888
2020-02-04,1.75,2.252,2.581,2.911
2020-02-05,1.75,2.244,2.572,2.901
2020-02-06,1.75,2.251,2.581,2.91
2020-02-07,1.75,2.24,2.568,2.897
2020-02-10,1.75,2.248,2.578,2.907
2020-02-11,1.75,2.245,2.575,2.904
2020-02-12,1.75,2.261,2.592,2.923
2020-02-13,1.75,2.249,2.579,2.908
2020-02-14,1.75,2.249,2.579,2.908
2020-02-17,1.75,2.239,2.567,2.896
2020-02-18,1.75,2.237,2.565,2.893
2020-02-19,1.75,2.236,2.564,2.891
2020-02-20,1.75,2.244,2.573,2.901
2020-02-21,1.75,2.232,2.559,2.886
2020-02-24,1.75,2.239,2.566,2.894
2020-02-25,1.75,2.258,2.588,2.917
2020-02-26,1.75,2.241,2.568,2.896
2020-02-27,1.75,2.224,2.549,2.874
2020-02-28,1.75,2.24,2.567,2.894
2020-03-02,1.75,2.218,2.542,2.866
2020-03-03,1.75,2.196,2.517,2.838
2020-03-04,1.75,2.206,2.528,2.849
2020-03-05,1.75,2.193,2.513,2.833
2020-03-06,1.75,2.209,2.531,2.852
2020-03-09,1.75,2.211,2.533,2.854
2020-03-10,1.75,2.229,2.552,2.876
2020-03-11,1.75,2.21,2.531,2.852
2020-03-12,1.75,2.202,2.521,2.841
2020-03-13,1.75,2.212,2.533,2.854
2020-03-16,1.75,2.174,2.49,2.806
2020-03-17,1.75,2.202,2.521,2.841
2020-03-18,1.75,2.207,2.527,2.847
2020-03-19,1.75,2.179,2.495,2.811
2020-03-20,1.75,2.21,2.53,2.85
2020-03-23,1.75,2.199,2.518,2.837
2020-03-24,1.75,2.19,2.507,2.825
2020-03-25,1.75,2.202,2.521,2.841
2020-03-26,1.75,2.222,2.544,2.865
2020-03-27,1.75,2.197,2.516,2.835
2020-03-30,1.75,2.199,2.518,2.837
2020-03-31,1.75,2.191,2.51,2.828
2020-04-01,1.75,2.188,2.506,2.824
2020-04-02,1.75,2.21,2.531,2.852
2020-04-03,1.75,2.191,2.51,2.829
2020-04-06,1.75,2.204,2.525,2.846
2020-04-07,1.75,2.2,2.521,2.841
2020-04-08,1.75,2.214,2.537,2.859
2020-04-09,1.75,2.215,2.538,2.861
2020-04-10,1.75,2.226,2.551,2.876
2020-04-13,1.75,2.211,2.534,2.858
2020-04-14,1.75,2.217,2.542,2.866
2020-04-15,1.75,2.212,2.536,2.861
2020-04-16,1.75,2.222,2.548,2.874
2020-04-17,1.75,2.235,2.564,2.892
2020-04-20,1.75,2.243,2.574,2.904
2020-04-21,1.75,2.227,2.556,2.884
2020-04-22,1.75,2.252,2.585,2.917
2020-04-23,1.75,2.262,2.596,2.93
2020-04-24,1.75,2.255,2.588,2.922
2020-04-27,1.75,2.276,2.613,2.95
2020-04-28,1.75,2.248,2.582,2.916
2020-04-29,1.75,2.246,2.58,2.914
2020-04-30,1.75,2.243,2.578,2.912
2020-05-01,1.75,2.286,2.626,2.966
2020-05-04,1.75,2.279,2.619,2.959
2020-05-05,1.75,2.274,2.614,2.953
2020-05-06,1.75,2.281,2.622,2.963
2020-05-07,1.75,2.267,2.607,2.946
2020-05-08,1.75,2.313,2.658,3.004
2020-05-11,1.75,2.287,2.63,2.973
2020-05-12,1.75,2.289,2.633,2.976
2020-05-13,1.75,2.299,2.643,2.988
2020-05-14,1.75,2.297,2.642,2.987
2020-05-15,1.75,2.296,2.641,2.985
2020-05-18,1.75,2.285,2.628,2.972
2020-05-19,1.75,2.301,2.647,2.992
2020-05-20,1.75,2.318,2.666,3.014
2020-05-21,1.75,2.312,2.66,3.007
2020-05-22,1.75,2.315,2.663,3.011
2020-05-25,1.75,2.29,2.634,2.979
2020-05-26,1.75,2.283,2.627,2.971
2020-05-27,1.75,2.293,2.638,2.983
2020-05-28,1.75,2.294,2.639,2.984
2020-05-29,1.75,2.305,2.652,2.998
2020-06-01,1.75,2.27,2.612,2.954
2020-06-02,1.75,2.307,2.653,3.0
2020-06-03,1.75,2.285,2.628,2.971
2020-06-04,1.75,2.28,2.622,2.964
2020-06-05,1.75,2.27,2.611,2.952
2020-06-08,1.75,2.26,2.599,2.939
2020-06-09,1.75,2.287,2.63,2.972
2020-06-10,1.75,2.275,2.616,2.957
2020-06-11,1.75,2.256,2.594,2.932
2020-06-12,1.75,2.253,2.591,2.928
2020-06-15,1.75,2.262,2.6,2.938
2020-06-16,1.75,2.283,2.623,2.963
2020-06-17,1.75,2.257,2.594,2.93
2020-06-18,1.75,2.239,2.573,2.907
2020-06-19,1.75,2.251,2.586,2.922
2020-06-22,1.75,2.248,2.583,2.917
2020-06-23,1.75,2.216,2.546,2.877
2020-06-24,1.75,2.245,2.579,2.912
2020-06-25,1.75,2.241,2.573,2.906
2020-06-26,1.75,2.25,2.583,2.917
2020-06-29,1.75,2.261,2.596,2.931
2020-06-30,1.75,2.251,2.584,2.917
2020-07-01,1.75,2.232,2.563,2.893
2020-07-02,1.75,2.22,2.549,2.878
2020-07-03,1.75,2.263,2.597,2.932
2020-07-06,1.75,2.232,2.562,2.892
2020-07-07,1.75,2.231,2.561,2.891
2020-07-08,1.75,2.23,2.559,2.889
2020-07-09,1.75,2.232,2.562,2.892
2020-07-10,1.75,2.228,2.557,2.887
2020-07-13,1.75,2.223,2.552,2.881
2020-07-14,1.75,2.224,2.553,2.882
2020-07-15,1.75,2.231,2.561,2.891
2020-07-16,1.75,2.226,2.555,2.885
2020-07-17,1.75,2.225,2.555,2.885
2020-07-20,1.75,2.236,2.568,2.899
2020-07-21,1.75,2.234,2.565,2.897
2020-07-22,1.75,2.257,2.592,2.926
2020-07-23,1.75,2.209,2.538,2.867
2020-07-24,1.75,2.257,2.592,2.927
2020-07-27,1.75,2.261,2.597,2.934
2020-07-28,1.75,2.224,2.556,2.888
2020-07-29,1.75,2.248,2.583,2.919
2020-07-30,1.75,2.251,2.587,2.923
2020-07-31,1.75,2.242,2.577,2.913
2020-08-03,1.75,2.253,2.59,2.927
2020-08-04,1.75,2.252,2.59,2.928
2020-08-05,1.75,2.29,2.633,2.976
2020-08-06,1.75,2.284,2.626,2.969
2020-08-07,1.75,2.292,2.636,2.979
2020-08-10,1.75,2.289,2.633,2.977
2020-08-11,1.75,2.27,2.612,2.954
2020-08-12,1.75,2.281,2.625,2.968
2020-08-13,1.75,2.296,2.643,2.989
2020-08-14,1.75,2.279,2.624,2.968
2020-08-17,1.75,2.305,2.654,3.002
2020-08-18,1.75,2.297,2.645,2.992
2020-08-19,1.75,2.298,2.646,2.995
2020-08-20,1.75,2.314,2.664,3.015
2020-08-21,1.75,2.313,2.664,3.015
2020-08-24,1.75,2.306,2.656,3.006
2020-08-25,1.75,2.326,2.679,3.032
2020-08-26,1.75,2.301,2.651,3.001
2020-08-27,1.75,2.323,2.676,3.029
2020-08-28,1.75,2.324,2.677,3.031
2020-08-31,1.75,2.314,2.666,3.019
2020-09-01,1.75,2.322,2.676,3.029
2020-09-02,1.75,2.304,2.655,3.006
2020-09-03,1.75,2.33,2.685,3.039
2020-09-04,1.75,2.317,2.67,3.023
2020-09-07,1.75,2.313,2.665,3.017
2020-09-08,1.75,2.331,2.685,3.04
2020-09-09,1.75,2.309,2.66,3.012
2020-09-10,1.75,2.299,2.649,3.0
2020-09-11,1.75,2.296,2.646,2.995
2020-09-14,1.75,2.32,2.673,3.025
2020-09-15,1.75,2.296,2.645,2.994
2020-09-16,1.75,2.33,2.683,3.037
2020-09-17,1.75,2.282,2.629,2.976
2020-09-18,1.75,2.325,2.677,3.029
2020-09-21,1.75,2.304,2.653,3.003
2020-09-22,1.75,2.298,2.646,2.994
2020-09-23,1.75,2.289,2.636,2.983
2020-09-24,1.75,2.298,2.645,2.992
2020-09-25,1.75,2.289,2.635,2.981
2020-09-28,1.75,2.3,2.647,2.994
2020-09-29,1.75,2.285,2.63,2.974
2020-09-30,1.75,2.282,2.626,2.97
2020-10-01,1.75,2.273,2.615,2.958
2020-10-02,1.75,2.274,2.616,2.958
2020-10-05,1.75,2.275,2.617,2.959
2020-10-06,1.75,2.248,2.586,2.924
2020-10-07,1.75,2.249,2.587,2.925
2020-10-08,1.75,2.272,2.612,2.952
2020-10-09,1.75,2.262,2.601,2.94
2020-10-12,1.75,2.255,2.593,2.931
2020-10-13,1.75,2.256,2.593,2.931
2020-10-14,1.75,2.258,2.595,2.933
2020-10-15,1.75,2.245,2.581,2.917
2020-10-16,1.75,2.241,2.576,2.911
2020-10-19,1.75,2.251,2.587,2.923
2020-10-20,1.75,2.236,2.57,2.904
2020-10-21,1.75,2.252,2.588,2.924
2020-10-22,1.75,2.226,2.558,2.891
2020-10-23,1.75,2.258,2.595,2.932
2020-10-26,1.75,2.251,2.587,2.923
2020-10-27,1.75,2.249,2.585,2.92
2020-10-28,1.75,2.258,2.595,2.932
2020-10-29,1.75,2.267,2.605,2.944
2020-10-30,1.75,2.26,2.598,2.935
2020-11-02,1.75,2.228,2.561,2.895
2020-11-03,1.75,2.236,2.571,2.905
2020-11-04,1.75,2.246,2.582,2.918
2020-11-05,1.75,2.255,2.593,2.931
2020-11-06,1.75,2.264,2.603,2.942
2020-11-09,1.75,2.251,2.589,2.927
2020-11-10,1.75,2.265,2.605,2.944
2020-11-11,1.75,2.256,2.595,2.935
2020-11-12,1.75,2.261,2.601,2.941
2020-11-13,1.75,2.255,2.594,2.934
2020-11-16,1.75,2.264,2.605,2.946
2020-11-17,1.75,2.262,2.603,2.945
2020-11-18,1.75,2.27,2.613,2.955
2020-11-19,1.75,2.297,2.644,2.991
2020-11-20,1.75,2.277,2.621,2.966
2020-11-23,1.75,2.323,2.674,3.025
2020-11-24,1.75,2.301,2.65,2.998
2020-11-25,1.75,2.301,2.65,2.999
2020-11-26,1.75,2.291,2.64,2.988
2020-11-27,1.75,2.313,2.665,3.016
2020-11-30,1.75,2.301,2.651,3.002
2020-12-01,1.75,2.313,2.665,3.017
2020-12-02,1.75,2.345,2.701,3.057
2020-12-03,1.75,2.315,2.668,3.022
2020-12-04,1.75,2.333,2.688,3.044
2020-12-07,1.75,2.313,2.666,3.019
2020-12-08,1.75,2.323,2.678,3.033
2020-12-09,1.75,2.346,2.704,3.062
2020-12-10,1.75,2.319,2.674,3.029
2020-12-11,1.75,2.35,2.708,3.067
2020-12-14,1.75,2.337,2.695,3.052
2020-12-15,1.75,2.323,2.679,3.034
2020-12-16,1.75,2.338,2.695,3.053
2020-12-17,1.75,2.342,2.7,3.058
2020-12-18,1.75,2.338,2.695,3.053
2020-12-21,1.75,2.311,2.665,3.019
2020-12-22,1.75,2.32,2.676,3.031
2020-12-23,1.75,2.325,2.681,3.037
2020-12-24,1.75,2.326,2.682,3.038
2020-12-25,1.75,2.333,2.69,3.046
2020-12-28,1.75,2.326,2.682,3.037
2020-12-29,1.75,2.306,2.659,3.012
2020-12-30,1.75,2.325,2.679,3.034
2020-12-31,1.75,2.325,2.68,3.034
2021-01-01,1.75,2.322,2.676,3.03
2021-01-04,1.75,2.325,2.679,3.033
2021-01-05,1.75,2.32,2.673,3.026
2021-01-06,1.75,2.312,2.664,3.016
2021-01-07,1.75,2.303,2.653,3.003
2021-01-08,1.75,2.281,2.628,2.974
2021-01-11,1.75,2.302,2.652,3.001
2021-01-12,1.75,2.297,2.645,2.993
2021-01-13,1.75,2.294,2.642,2.989
2021-01-14,1.75,2.272,2.617,2.961
2021-01-15,1.75,2.271,2.615,2.959
2021-01-18,1.75,2.294,2.64,2.986
2021-01-19,1.75,2.278,2.621,2.965
2021-01-20,1.75,2.283,2.627,2.972
2021-01-21,1.75,2.273,2.615,2.958
2021-01-22,1.75,2.27,2.612,2.954
2021-01-25,1.75,2.278,2.621,2.963
2021-01-26,1.75,2.258,2.598,2.938
2021-01-27,1.75,2.264,2.604,2.944
2021-01-28,1.75,2.255,2.594,2.932
2021-01-29,1.75,2.253,2.592,2.93
2021-02-01,1.75,2.253,2.592,2.93
2021-02-02,1.75,2.258,2.597,2.936
2021-02-03,1.75,2.249,2.586,2.924
2021-02-04,1.75,2.269,2.609,2.949
2021-02-05,1.75,2.243,2.579,2.916
2021-02-08,1.75,2.251,2.589,2.926
2021-02-09,1.75,2.248,2.585,2.922
2021-02-10,1.75,2.271,2.611,2.951
2021-02-11,1.75,2.257,2.595,2.933
2021-02-12,1.75,2.268,2.607,2.947
2021-02-15,1.75,2.238,2.575,2.911
2021-02-16,1.75,2.261,2.6,2.94
2021-02-17,1.75,2.27,2.611,2.951
2021-02-18,1.75,2.262,2.602,2.942
2021-02-19,1.75,2.276,2.618,2.96
2021-02-22,1.75,2.259,2.6,2.94
2021-02-23,1.75,2.285,2.629,2.972
2021-02-24,1.75,2.299,2.644,2.99
2021-02-25,1.75,2.269,2.612,2.954
2021-02-26,1.75,2.271,2.614,2.958
2021-03-01,1.75,2.297,2.644,2.991
2021-03-02,1.75,2.302,2.65,2.997
2021-03-03,1.75,2.28,2.625,2.971
2021-03-04,1.75,2.285,2.631,2.977
2021-03-05,1.75,2.29,2.637,2.985
2021-03-08,1.75,2.28,2.627,2.974
2021-03-09,1.75,2.289,2.637,2.985
2021-03-10,1.75,2.291,2.64,2.989
2021-03-11,1.75,2.297,2.647,2.997
2021-03-12,1.75,2.309,2.661,3.013
2021-03-15,1.75,2.316,2.669,3.022
2021-03-16,1.75,2.334,2.69,3.046
2021-03-17,1.75,2.307,2.659,3.012
2021-03-18,1.75,2.333,2.689,3.046
2021-03-19,1.75,2.321,2.676,3.031
2021-03-22,1.75,2.325,2.681,3.037
2021-03-23,1.75,2.336,2.694,3.051
2021-03-24,1.75,2.316,2.672,3.027
2021-03-25,1.75,2.336,2.694,3.052
2021-03-26,1.75,2.335,2.693,3.051
2021-03-29,1.75,2.34,2.698,3.057
2021-03-30,1.75,2.338,2.697,3.055
2021-03-31,1.75,2.365,2.727,3.089
2021-04-01,1.75,2.328,2.685,3.043
2021-04-02,1.75,2.329,2.687,3.044
2021-04-05,1.75,2.328,2.685,3.042
2021-04-06,1.75,2.328,2.685,3.043
2021-04-07,1.75,2.326,2.683,3.04
2021-04-08,1.75,2.347,2.706,3.066
2021-04-09,1.75,2.348,2.708,3.067
2021-04-12,1.75,2.323,2.679,3.035
2021-04-13,1.75,2.318,2.673,3.028
2021-04-14,1.75,2.331,2.688,3.045
2021-04-15,1.75,2.317,2.671,3.026
2021-04-16,1.75,2.328,2.684,3.04
2021-04-19,1.75,2.321,2.675,3.03
2021-04-20,1.75,2.297,2.648,3.0
2021-04-21,1.75,2.331,2.686,3.041
2021-04-22,1.75,2.331,2.686,3.04
2021-04-23,1.75,2.299,2.649,2.999
2021-04-26,1.75,2.298,2.648,2.998
2021-04-27,1.75,2.303,2.653,3.003
2021-04-28,1.75,2.3,2.65,2.999
2021-04-29,1.75,2.301,2.65,2.999
2021-04-30,1.75,2.314,2.664,3.014
2021-05-03,1.75,2.285,2.631,2.977
2021-05-04,1.75,2.274,2.618,2.963
2021-05-05,1.75,2.264,2.607,2.949
2021-05-06,1.75,2.269,2.612,2.955
2021-05-07,1.75,2.274,2.618,2.961
2021-05-10,1.75,2.293,2.639,2.984
2021-05-11,1.75,2.263,2.605,2.946
2021-05-12,1.75,2.27,2.612,2.953
2021-05-13,1.75,2.265,2.606,2.947
2021-05-14,1.75,2.277,2.62,2.962
2021-05-17,1.75,2.292,2.636,2.979
2021-05-18,1.75,2.254,2.593,2.931
2021-05-19,1.75,2.253,2.592,2.93
2021-05-20,1.75,2.27,2.611,2.952
2021-05-21,1.75,2.265,2.606,2.946
2021-05-24,1.75,2.279,2.621,2.963
2021-05-25,1.75,2.264,2.604,2.943
2021-05-26,1.75,2.253,2.591,2.93
2021-05-27,1.75,2.265,2.605,2.945
2021-05-28,1.75,2.272,2.613,2.953
2021-05-31,1.75,2.269,2.61,2.951
2021-06-01,1.75,2.267,2.607,2.948
2021-06-02,1.75,2.275,2.617,2.959
2021-06-03,1.75,2.278,2.62,2.963
2021-06-04,1.75,2.282,2.626,2.969
2021-06-07,1.75,2.276,2.619,2.961
2021-06-08,1.75,2.268,2.611,2.953
2021-06-09,1.75,2.275,2.618,2.961
2021-06-10,1.75,2.29,2.636,2.981
2021-06-11,1.75,2.269,2.612,2.955
2021-06-14,1.75,2.286,2.632,2.978
2021-06-15,1.75,2.28,2.626,2.971
2021-06-16,1.75,2.288,2.635,2.982
2021-06-17,1.75,2.307,2.656,3.006
2021-06-18,1.75,2.297,2.646,2.995
2021-06-21,1.75,2.299,2.648,2.997
2021-06-22,1.75,2.285,2.633,2.981
2021-06-23,1.75,2.314,2.666,3.018
2021-06-24,1.75,2.316,2.669,3.021
2021-06-25,1.75,2.337,2.693,3.049
2021-06-28,1.75,2.311,2.664,3.017
2021-06-29,1.75,2.32,2.674,3.029
2021-06-30,1.75,2.323,2.678,3.034
2021-07-01,1.75,2.342,2.7,3.058
2021-07-02,1.75,2.324,2.68,3.036
2021-07-05,1.75,2.331,2.688,3.045
2021-07-06,1.75,2.337,2.695,3.053
2021-07-07,1.75,2.334,2.692,3.05
2021-07-08,1.75,2.328,2.686,3.043
2021-07-09,1.75,2.337,2.696,3.055
2021-07-12,1.75,2.349,2.709,3.07
2021-07-13,1.75,2.324,2.682,3.039
2021-07-14,1.75,2.339,2.698,3.058
2021-07-15,1.75,2.329,2.688,3.046
2021-07-16,1.75,2.352,2.713,3.074
2021-07-19,1.75,2.319,2.676,3.033
2021-07-20,1.75,2.33,2.689,3.047
2021-07-21,1.75,2.341,2.7,3.06
2021-07-22,1.75,2.354,2.715,3.076
2021-07-23,1.75,2.333,2.691,3.05
2021-07-26,1.75,2.326,2.683,3.04
2021-07-27,1.75,2.353,2.714,3.074
2021-07-28,1.75,2.311,2.666,3.021
2021-07-29,1.75,2.3,2.653,3.006
2021-07-30,1.75,2.329,2.686,3.042
2021-08-02,1.75,2.315,2.67,3.024
2021-08-03,1.75,2.306,2.659,3.012
2021-08-04,1.75,2.324,2.679,3.034
2021-08-05,1.75,2.316,2.669,3.022
2021-08-06,1.75,2.303,2.654,3.006
2021-08-09,1.75,2.291,2.641,2.99
2021-08-10,1.75,2.314,2.665,3.017
2021-08-11,1.75,2.308,2.658,3.009
2021-08-12,1.75,2.295,2.644,2.993
2021-08-13,1.75,2.315,2.666,3.017
2021-08-16,1.75,2.277,2.623,2.969
2021-08-17,1.75,2.268,2.613,2.957
2021-08-18,1.75,2.275,2.62,2.965
2021-08-19,1.75,2.28,2.625,2.97
2021-08-20,1.75,2.281,2.625,2.97
2021-08-23,1.75,2.272,2.615,2.958
2021-08-24,1.75,2.276,2.62,2.963
2021-08-25,1.75,2.255,2.595,2.936
2021-08-26,1.75,2.285,2.629,2.973
2021-08-27,1.75,2.265,2.606,2.947
2021-08-30,1.75,2.277,2.62,2.962
2021-08-31,1.75,2.266,2.607,2.948
2021-09-01,1.75,2.267,2.607,2.948
2021-09-02,1.75,2.267,2.608,2.948
2021-09-03,1.75,2.265,2.605,2.945
2021-09-06,1.75,2.266,2.607,2.947
2021-09-07,1.75,2.274,2.616,2.957
2021-09-08,1.75,2.261,2.601,2.941
2021-09-09,1.75,2.267,2.608,2.949
2021-09-10,1.75,2.258,2.598,2.938
2021-09-13,1.75,2.278,2.62,2.962
2021-09-14,1.75,2.253,2.593,2.932
2021-09-15,1.75,2.285,2.628,2.971
2021-09-16,1.75,2.264,2.605,2.946
2021-09-17,1.75,2.249,2.589,2.928
2021-09-20,1.75,2.27,2.612,2.955
2021-09-21,1.75,2.263,2.604,2.946
2021-09-22,1.75,2.284,2.628,2.973
2021-09-23,1.75,2.268,2.611,2.954
2021-09-24,1.75,2.274,2.618,2.962
2021-09-27,1.75,2.259,2.602,2.944
2021-09-28,1.75,2.28,2.625,2.971
2021-09-29,1.75,2.259,2.602,2.946
2021-09-30,1.75,2.273,2.618,2.963
2021-10-01,1.75,2.304,2.654,3.003
2021-10-04,1.75,2.308,2.658,3.009
2021-10-05,1.75,2.307,2.658,3.008
2021-10-06,1.75,2.293,2.643,2.993
2021-10-07,1.75,2.308,2.659,3.011
2021-10-08,1.75,2.311,2.664,3.017
2021-10-11,1.75,2.301,2.652,3.004
2021-10-12,1.75,2.336,2.692,3.049
2021-10-13,1.75,2.331,2.687,3.044
2021-10-14,1.75,2.32,2.676,3.031
2021-10-15,1.75,2.326,2.682,3.039
2021-10-18,1.75,2.331,2.688,3.045
2021-10-19,1.75,2.306,2.66,3.015
2021-10-20,1.75,2.329,2.687,3.044
2021-10-21,1.75,2.326,2.683,3.041
2021-10-22,1.75,2.323,2.681,3.038
2021-10-25,1.75,2.333,2.692,3.051
2021-10-26,1.75,2.359,2.721,3.083
2021-10-27,1.75,2.346,2.707,3.067
2021-10-28,1.75,2.332,2.691,3.049
2021-10-29,1.75,2.346,2.706,3.067
2021-11-01,1.75,2.356,2.717,3.079
2021-11-02,1.75,2.35,2.71,3.071
2021-11-03,1.75,2.339,2.698,3.057
2021-11-04,1.75,2.329,2.687,3.045
2021-11-05,1.75,2.344,2.704,3.064
2021-11-08,1.75,2.339,2.698,3.057
2021-11-09,1.75,2.343,2.703,3.062
2021-11-10,1.75,2.338,2.697,3.055
2021-11-11,1.75,2.341,2.7,3.058
2021-11-12,1.75,2.32,2.675,3.031
2021-11-15,1.75,2.339,2.697,3.055
2021-11-16,1.75,2.323,2.679,3.034
2021-11-17,1.75,2.343,2.7,3.058
2021-11-18,1.75,2.307,2.659,3.012
2021-11-19,1.75,2.333,2.688,3.044
2021-11-22,1.75,2.311,2.663,3.016
2021-11-23,1.75,2.298,2.648,2.998
2021-11-24,1.75,2.296,2.646,2.996
2021-11-25,1.75,2.295,2.644,2.993
2021-11-26,1.75,2.301,2.65,2.999
2021-11-29,1.75,2.298,2.647,2.996
2021-11-30,1.75,2.282,2.628,2.975
2021-12-01,1.75,2.285,2.632,2.978
2021-12-02,1.75,2.308,2.657,3.006
2021-12-03,1.75,2.3,2.648,2.995
2021-12-06,1.75,2.282,2.627,2.972
2021-12-07,1.75,2.275,2.618,2.962
2021-12-08,1.75,2.273,2.616,2.959
2021-12-09,1.75,2.277,2.62,2.963
2021-12-10,1.75,2.255,2.595,2.935
2021-12-13,1.75,2.262,2.603,2.944
2021-12-14,1.75,2.244,2.582,2.92
2021-12-15,1.75,2.267,2.608,2.949
2021-12-16,1.75,2.269,2.61,2.951
2021-12-17,1.75,2.255,2.594,2.933
2021-12-20,1.75,2.279,2.621,2.963
2021-12-21,1.75,2.245,2.583,2.921
2021-12-22,1.75,2.242,2.579,2.917
2021-12-23,1.75,2.262,2.602,2.943
2021-12-24,1.75,2.273,2.614,2.956
2021-12-27,1.75,2.281,2.624,2.966
2021-12-28,1.75,2.256,2.596,2.936
2021-12-29,1.75,2.276,2.618,2.961
2021-12-30,1.75,2.264,2.605,2.946
2021-12-31,1.75,2.264,2.606,2.947
2022-01-03,1.75,2.279,2.622,2.966
2022-01-04,1.75,2.279,2.622,2.966
2022-01-05,1.75,2.254,2.595,2.936
2022-01-06,1.75,2.293,2.64,2.986
2022-01-07,1.75,2.295,2.642,2.988
2022-01-10,1.75,2.274,2.618,2.963
2022-01-11,1.75,2.289,2.636,2.983
2022-01-12,1.75,2.294,2.641,2.989
2022-01-13,1.75,2.294,2.642,2.99
2022-01-14,1.75,2.288,2.635,2.983
2022-01-17,1.75,2.289,2.638,2.986
2022-01-18,1.75,2.301,2.651,3.001
2022-01-19,1.75,2.318,2.671,3.024
2022-01-20,1.75,2.314,2.667,3.019
2022-01-21,1.75,2.306,2.658,3.01
2022-01-24,1.75,2.323,2.678,3.032
2022-01-25,1.75,2.283,2.633,2.983
2022-01-26,1.75,2.334,2.69,3.047
2022-01-27,1.75,2.302,2.655,3.008
2022-01-28,1.75,2.321,2.677,3.032
2022-01-31,1.75,2.314,2.67,3.025
2022-02-01,1.75,2.314,2.67,3.026
2022-02-02,1.75,2.346,2.706,3.065
2022-02-03,1.75,2.328,2.686,3.044
2022-02-04,1.75,2.34,2.699,3.058
2022-02-07,1.75,2.336,2.695,3.054
2022-02-08,1.75,2.344,2.704,3.064
2022-02-09,1.75,2.34,2.699,3.059
2022-02-10,1.75,2.324,2.682,3.04
2022-02-11,1.75,2.351,2.713,3.074
2022-02-14,1.75,2.334,2.693,3.052
2022-02-15,1.75,2.321,2.678,3.035
2022-02-16,1.75,2.333,2.692,3.051
2022-02-17,1.75,2.356,2.717,3.079
2022-02-18,1.75,2.347,2.707,3.068
2022-02-21,1.75,2.331,2.689,3.048
2022-02-22,1.75,2.33,2.687,3.045
2022-02-23,1.75,2.328,2.685,3.043
2022-02-24,1.75,2.355,2.715,3.076
2022-02-25,1.75,2.332,2.689,3.047
2022-02-28,1.75,2.33,2.687,3.044
2022-03-01,1.75,2.335,2.692,3.049
2022-03-02,1.75,2.322,2.678,3.033
2022-03-03,1.75,2.313,2.667,3.021
2022-03-04,1.75,2.311,2.664,3.017
2022-03-07,1.75,2.31,2.662,3.014
2022-03-08,1.75,2.307,2.658,3.01
2022-03-09,1.75,2.313,2.665,3.017
2022-03-10,1.75,2.301,2.651,3.001
2022-03-11,1.75,2.306,2.656,3.007
2022-03-14,1.75,2.293,2.641,2.99
2022-03-15,1.75,2.292,2.639,2.987
2022-03-16,1.75,2.263,2.607,2.951
2022-03-17,1.75,2.295,2.643,2.99
2022-03-18,1.75,2.285,2.631,2.977
2022-03-21,1.75,2.29,2.636,2.982
2022-03-22,1.75,2.241,2.58,2.92
2022-03-23,1.75,2.298,2.644,2.991
2022-03-24,1.75,2.269,2.611,2.954
2022-03-25,1.75,2.282,2.626,2.969
2022-03-28,1.75,2.254,2.594,2.934
2022-03-29,1.75,2.272,2.614,2.956
2022-03-30,1.75,2.251,2.59,2.929
2022-03-31,1.75,2.255,2.594,2.934
2022-04-01,1.75,2.284,2.627,2.97
2022-04-04,1.75,2.258,2.598,2.938
2022-04-05,1.75,2.262,2.603,2.943
2022-04-06,1.75,2.27,2.611,2.953
2022-04-07,1.75,2.266,2.606,2.947
2022-04-08,1.75,2.262,2.602,2.942
2022-04-11,1.75,2.265,2.606,2.947
2022-04-12,1.75,2.291,2.635,2.979
2022-04-13,1.75,2.262,2.603,2.943
2022-04-14,1.75,2.267,2.608,2.95
2022-04-15,1.75,2.279,2.622,2.965
2022-04-18,1.75,2.281,2.625,2.969
2022-04-19,1.75,2.284,2.629,2.973
2022-04-20,1.75,2.28,2.624,2.968
2022-04-21,1.75,2.261,2.603,2.945
2022-04-22,1.75,2.297,2.644,2.991
2022-04-25,1.75,2.267,2.61,2.954
2022-04-26,1.75,2.287,2.634,2.98
2022-04-27,1.75,2.278,2.623,2.969
2022-04-28,1.75,2.289,2.636,2.984
2022-04-29,1.75,2.297,2.646,2.995
2022-05-02,2.75,3.799,4.049,4.248
2022-05-03,2.75,3.805,4.056,4.257
2022-05-04,2.75,3.824,4.078,4.282
2022-05-05,2.75,3.816,4.068,4.272
2022-05-06,2.75,3.812,4.065,4.269
2022-05-09,2.75,3.832,4.087,4.294
2022-05-10,2.75,3.839,4.096,4.305
2022-05-11,2.75,3.815,4.069,4.276
2022-05-12,2.75,3.842,4.099,4.311
2022-05-13,2.75,3.847,4.106,4.319
2022-05-16,2.75,3.84,4.098,4.311
2022-05-17,2.75,3.865,4.126,4.343
2022-05-18,2.75,3.851,4.111,4.326
2022-05-19,2.75,3.858,4.12,4.337
2022-05-20,2.75,3.859,4.12,4.338
2022-05-23,2.75,3.865,4.128,4.347
2022-05-24,2.75,3.855,4.117,4.336
2022-05-25,2.75,3.855,4.117,4.336
2022-05-26,2.75,3.894,4.162,4.387
2022-05-27,2.75,3.868,4.133,4.355
2022-05-30,2.75,3.87,4.134,4.357
2022-05-31,2.75,3.858,4.122,4.344
2022-06-01,2.75,3.879,4.146,4.371
2022-06-02,2.75,3.873,4.139,4.364
2022-06-03,2.75,3.911,4.182,4.412
2022-06-06,2.75,3.905,4.176,4.405
2022-06-07,2.75,3.887,4.155,4.382
2022-06-08,2.75,3.923,4.196,4.428
2022-06-09,2.75,3.909,4.18,4.411
2022-06-10,2.75,3.895,4.164,4.393
2022-06-13,2.75,3.869,4.135,4.361
2022-06-14,2.75,3.927,4.201,4.434
2022-06-15,2.75,3.883,4.151,4.379
2022-06-16,2.75,3.88,4.148,4.375
2022-06-17,2.75,3.912,4.183,4.415
2022-06-20,2.75,3.928,4.202,4.435
2022-06-21,2.75,3.915,4.187,4.418
2022-06-22,2.75,3.904,4.174,4.404
2022-06-23,2.75,3.903,4.173,4.403
2022-06-24,2.75,3.905,4.175,4.405
2022-06-27,2.75,3.902,4.172,4.401
2022-06-28,2.75,3.894,4.163,4.391
2022-06-29,2.75,3.89,4.158,4.385
2022-06-30,2.75,3.886,4.153,4.378
2022-07-01,2.75,3.875,4.14,4.364
2022-07-04,2.75,3.877,4.143,4.367
2022-07-05,2.75,3.857,4.12,4.341
2022-07-06,2.75,3.873,4.138,4.36
2022-07-07,2.75,3.859,4.122,4.342
2022-07-08,2.75,3.854,4.116,4.335
2022-07-11,2.75,3.866,4.129,4.348
2022-07-12,2.75,3.876,4.14,4.36
2022-07-13,2.75,3.867,4.129,4.347
2022-07-14,2.75,3.833,4.091,4.304
2022-07-15,2.75,3.835,4.093,4.306
2022-07-18,2.75,3.854,4.114,4.328
2022-07-19,2.75,3.826,4.082,4.292
2022-07-20,2.75,3.831,4.087,4.297
2022-07-21,2.75,3.835,4.092,4.301
2022-07-22,2.75,3.812,4.065,4.271
2022-07-25,2.75,3.82,4.074,4.28
2022-07-26,2.75,3.798,4.049,4.251
2022-07-27,2.75,3.802,4.053,4.255
2022-07-28,2.75,3.808,4.059,4.261
2022-07-29,2.75,3.78,4.027,4.225
2022-08-01,2.75,3.799,4.049,4.248
2022-08-02,2.75,3.789,4.037,4.233
2022-08-03,2.75,3.791,4.038,4.234
2022-08-04,2.75,3.782,4.028,4.222
2022-08-05,2.75,3.791,4.038,4.232
2022-08-08,2.75,3.771,4.015,4.206
2022-08-09,2.75,3.76,4.002,4.191
2022-08-10,2.75,3.762,4.004,4.192
2022-08-11,2.75,3.762,4.004,4.192
2022-08-12,2.75,3.752,3.992,4.178
2022-08-15,2.75,3.747,3.987,4.171
2022-08-16,2.75,3.734,3.972,4.154
2022-08-17,2.75,3.731,3.968,4.148
2022-08-18,2.75,3.718,3.953,4.131
2022-08-19,2.75,3.752,3.991,4.173
2022-08-22,2.75,3.713,3.946,4.123
2022-08-23,2.75,3.716,3.95,4.126
2022-08-24,2.75,3.712,3.946,4.121
2022-08-25,2.75,3.729,3.964,4.141
2022-08-26,2.75,3.712,3.944,4.119
2022-08-29,2.75,3.728,3.962,4.138
2022-08-30,2.75,3.702,3.933,4.106
2022-08-31,2.75,3.712,3.944,4.117
2022-09-01,2.75,3.696,3.926,4.097
2022-09-02,2.75,3.731,3.965,4.139
2022-09-05,2.75,3.689,3.918,4.087
2022-09-06,2.75,3.706,3.937,4.108
2022-09-07,2.75,3.709,3.94,4.111
2022-09-08,2.75,3.706,3.936,4.107
2022-09-09,2.75,3.698,3.928,4.098
2022-09-12,2.75,3.698,3.928,4.098
2022-09-13,2.75,3.701,3.931,4.101
2022-09-14,2.75,3.699,3.928,4.098
2022-09-15,2.75,3.713,3.944,4.116
2022-09-16,2.75,3.728,3.962,4.136
2022-09-19,2.75,3.696,3.926,4.096
2022-09-20,2.75,3.688,3.916,4.086
2022-09-21,2.75,3.705,3.936,4.107
2022-09-22,2.75,3.738,3.974,4.15
2022-09-23,2.75,3.7,3.931,4.102
2022-09-26,2.75,3.731,3.966,4.142
2022-09-27,2.75,3.734,3.97,4.146
2022-09-28,2.75,3.71,3.943,4.117
2022-09-29,2.75,3.727,3.961,4.138
2022-09-30,2.75,3.742,3.979,4.159
2022-10-03,2.75,3.722,3.956,4.133
2022-10-04,2.75,3.727,3.963,4.141
2022-10-05,2.75,3.726,3.962,4.141
2022-10-06,2.75,3.725,3.961,4.14
2022-10-07,2.75,3.733,3.97,4.152
2022-10-10,2.75,3.73,3.968,4.149
2022-10-11,2.75,3.75,3.99,4.174
2022-10-12,2.75,3.744,3.984,4.169
2022-10-13,2.75,3.761,4.003,4.191
2022-10-14,2.75,3.744,3.984,4.171
2022-10-17,2.75,3.771,4.015,4.206
2022-10-18,2.75,3.782,4.028,4.221
2022-10-19,2.75,3.753,3.996,4.186
2022-10-20,2.75,3.786,4.033,4.228
2022-10-21,2.75,3.802,4.051,4.249
2022-10-24,2.75,3.777,4.024,4.22
2022-10-25,2.75,3.817,4.069,4.27
2022-10-26,2.75,3.807,4.058,4.259
2022-10-27,2.75,3.798,4.049,4.25
2022-10-28,2.75,3.811,4.063,4.267
2022-10-31,2.75,3.823,4.078,4.283
2022-11-01,2.75,3.823,4.077,4.284
2022-11-02,2.75,3.833,4.089,4.298
2022-11-03,2.75,3.82,4.075,4.283
2022-11-04,2.75,3.838,4.095,4.307
2022-11-07,2.75,3.824,4.08,4.29
2022-11-08,2.75,3.844,4.103,4.316
2022-11-09,2.75,3.839,4.097,4.311
2022-11-10,2.75,3.845,4.105,4.32
2022-11-11,2.75,3.873,4.136,4.355
2022-11-14,2.75,3.875,4.139,4.359
2022-11-15,2.75,3.873,4.137,4.358
2022-11-16,2.75,3.856,4.119,4.338
2022-11-17,2.75,3.869,4.133,4.355
2022-11-18,2.75,3.891,4.158,4.383
2022-11-21,2.75,3.881,4.147,4.371
2022-11-22,2.75,3.91,4.18,4.408
2022-11-23,2.75,3.89,4.157,4.384
2022-11-24,2.75,3.89,4.158,4.384
2022-11-25,2.75,3.886,4.154,4.38
2022-11-28,2.75,3.894,4.162,4.39
2022-11-29,2.75,3.892,4.161,4.388
2022-11-30,2.75,3.904,4.174,4.404
2022-12-01,2.75,3.908,4.179,4.41
2022-12-02,2.75,3.889,4.157,4.385
2022-12-05,2.75,3.883,4.151,4.378
2022-12-06,2.75,3.877,4.145,4.372
2022-12-07,2.75,3.906,4.177,4.407
2022-12-08,2.75,3.887,4.155,4.383
2022-12-09,2.75,3.874,4.141,4.368
2022-12-12,2.75,3.904,4.175,4.405
2022-12-13,2.75,3.929,4.202,4.436
2022-12-14,2.75,3.898,4.168,4.397
2022-12-15,2.75,3.907,4.178,4.408
2022-12-16,2.75,3.897,4.166,4.395
2022-12-19,2.75,3.893,4.161,4.39
2022-12-20,2.75,3.903,4.173,4.402
2022-12-21,2.75,3.887,4.154,4.381
2022-12-22,2.75,3.891,4.159,4.386
2022-12-23,2.75,3.889,4.157,4.383
2022-12-26,2.75,3.875,4.14,4.364
2022-12-27,2.75,3.892,4.159,4.385
2022-12-28,2.75,3.875,4.14,4.362
2022-12-29,2.75,3.864,4.128,4.349
2022-12-30,2.75,3.876,4.141,4.363
2023-01-02,2.75,3.855,4.117,4.336
2023-01-03,2.75,3.863,4.125,4.344
2023-01-04,2.75,3.858,4.12,4.337
2023-01-05,2.75,3.867,4.13,4.348
2023-01-06,2.75,3.856,4.116,4.332
2023-01-09,2.75,3.845,4.104,4.318
2023-01-10,2.75,3.851,4.11,4.324
2023-01-11,2.75,3.853,4.113,4.326
2023-01-12,2.75,3.838,4.096,4.306
2023-01-13,2.75,3.827,4.083,4.291
2023-01-16,2.75,3.806,4.059,4.264
2023-01-17,2.75,3.804,4.056,4.26
2023-01-18,2.75,3.809,4.061,4.264
2023-01-19,2.75,3.8,4.051,4.252
2023-01-20,2.75,3.8,4.05,4.251
2023-01-23,2.75,3.798,4.048,4.247
2023-01-24,2.75,3.799,4.048,4.246
2023-01-25,2.75,3.787,4.034,4.23
2023-01-26,2.75,3.788,4.035,4.231
2023-01-27,2.75,3.778,4.024,4.217
2023-01-30,2.75,3.749,3.991,4.179
2023-01-31,2.75,3.757,3.999,4.188
2023-02-01,2.75,3.761,4.004,4.193
2023-02-02,2.75,3.744,3.984,4.17
2023-02-03,2.75,3.761,4.003,4.19
2023-02-06,2.75,3.768,4.01,4.198
2023-02-07,2.75,3.76,4.001,4.187
2023-02-08,2.75,3.739,3.977,4.159
2023-02-09,2.75,3.755,3.995,4.178
2023-02-10,2.75,3.735,3.972,4.153
2023-02-13,2.75,3.726,3.961,4.14
2023-02-14,2.75,3.719,3.953,4.13
2023-02-15,2.75,3.72,3.954,4.13
2023-02-16,2.75,3.715,3.949,4.124
2023-02-17,2.75,3.719,3.953,4.128
2023-02-20,2.75,3.716,3.95,4.124
2023-02-21,2.75,3.712,3.944,4.118
2023-02-22,2.75,3.715,3.948,4.121
2023-02-23,2.75,3.722,3.955,4.129
2023-02-24,2.75,3.717,3.95,4.123
2023-02-27,2.75,3.686,3.915,4.084
2023-02-28,2.75,3.672,3.899,4.066
2023-03-01,2.75,3.713,3.945,4.117
2023-03-02,2.75,3.685,3.913,4.081
2023-03-03,2.75,3.698,3.927,4.097
2023-03-06,2.75,3.686,3.914,4.083
2023-03-07,2.75,3.678,3.906,4.073
2023-03-08,2.75,3.707,3.937,4.108
2023-03-09,2.75,3.71,3.941,4.112
2023-03-10,2.75,3.694,3.924,4.093
2023-03-13,2.75,3.671,3.898,4.064
2023-03-14,2.75,3.697,3.927,4.097
2023-03-15,2.75,3.709,3.941,4.113
2023-03-16,2.75,3.689,3.918,4.087
2023-03-17,2.75,3.71,3.942,4.115
2023-03-20,2.75,3.71,3.942,4.115
2023-03-21,2.75,3.719,3.953,4.127
2023-03-22,2.75,3.716,3.95,4.124
2023-03-23,2.75,3.706,3.938,4.112
2023-03-24,2.75,3.735,3.971,4.149
2023-03-27,2.75,3.722,3.957,4.133
2023-03-28,2.75,3.727,3.962,4.14
2023-03-29,2.75,3.72,3.954,4.132
2023-03-30,2.75,3.729,3.965,4.145
2023-03-31,2.75,3.728,3.964,4.144
2023-04-03,2.75,3.74,3.978,4.161
2023-04-04,2.75,3.767,4.009,4.195
2023-04-05,2.75,3.734,3.972,4.156
2023-04-06,2.75,3.736,3.974,4.159
2023-04-07,2.75,3.777,4.021,4.212
2023-04-10,2.75,3.762,4.004,4.193
2023-04-11,2.75,3.761,4.004,4.193
2023-04-12,2.75,3.786,4.033,4.226
2023-04-13,2.75,3.771,4.016,4.209
2023-04-14,2.75,3.805,4.055,4.253
2023-04-17,2.75,3.797,4.045,4.243
2023-04-18,2.75,3.788,4.036,4.233
2023-04-19,2.75,3.824,4.077,4.28
2023-04-20,2.75,3.796,4.046,4.246
2023-04-21,2.75,3.817,4.07,4.274
2023-04-24,2.75,3.817,4.07,4.275
2023-04-25,2.75,3.834,4.09,4.297
2023-04-26,2.75,3.842,4.099,4.308
2023-04-27,2.75,3.828,4.084,4.293
2023-04-28,2.75,3.824,4.079,4.288
2023-05-01,3.0,3.407,3.599,3.792
2023-05-02,3.0,3.395,3.586,3.777
2023-05-03,3.0,3.428,3.624,3.819
2023-05-04,3.0,3.407,3.6,3.793
2023-05-05,3.0,3.403,3.595,3.788
2023-05-08,3.0,3.411,3.605,3.798
2023-05-09,3.0,3.395,3.586,3.778
2023-05-10,3.0,3.401,3.593,3.786
2023-05-11,3.0,3.429,3.625,3.821
2023-05-12,3.0,3.409,3.602,3.796
2023-05-15,3.0,3.406,3.599,3.793
2023-05-16,3.0,3.427,3.623,3.819
2023-05-17,3.0,3.437,3.634,3.832
2023-05-18,3.0,3.434,3.631,3.828
2023-05-19,3.0,3.439,3.637,3.835
2023-05-22,3.0,3.42,3.616,3.811
2023-05-23,3.0,3.415,3.61,3.804
2023-05-24,3.0,3.452,3.652,3.851
2023-05-25,3.0,3.433,3.63,3.827
2023-05-26,3.0,3.436,3.633,3.831
2023-05-29,3.0,3.457,3.658,3.858
2023-05-30,3.0,3.45,3.65,3.85
2023-05-31,3.0,3.451,3.651,3.851
2023-06-01,3.0,3.474,3.677,3.88
2023-06-02,3.0,3.443,3.642,3.841
2023-06-05,3.0,3.464,3.666,3.868
2023-06-06,3.0,3.456,3.657,3.858
2023-06-07,3.0,3.461,3.663,3.865
2023-06-08,3.0,3.479,3.683,3.887
2023-06-09,3.0,3.469,3.672,3.874
2023-06-12,3.0,3.471,3.675,3.878
2023-06-13,3.0,3.48,3.685,3.889
2023-06-14,3.0,3.465,3.668,3.871
2023-06-15,3.0,3.462,3.664,3.866
2023-06-16,3.0,3.461,3.664,3.866
2023-06-19,3.0,3.453,3.654,3.855
2023-06-20,3.0,3.503,3.711,3.919
2023-06-21,3.0,3.467,3.671,3.874
2023-06-22,3.0,3.48,3.685,3.89
2023-06-23,3.0,3.481,3.686,3.892
2023-06-26,3.0,3.49,3.697,3.903
2023-06-27,3.0,3.498,3.706,3.913
2023-06-28,3.0,3.5,3.708,3.916
2023-06-29,3.0,3.485,3.691,3.897
2023-06-30,3.0,3.492,3.699,3.906
2023-07-03,3.0,3.499,3.706,3.914
2023-07-04,3.0,3.494,3.701,3.909
2023-07-05,3.0,3.517,3.728,3.938
2023-07-06,3.0,3.505,3.714,3.923
2023-07-07,3.0,3.51,3.719,3.929
2023-07-10,3.0,3.51,3.72,3.929
2023-07-11,3.0,3.517,3.728,3.939
2023-07-12,3.0,3.506,3.716,3.925
2023-07-13,3.0,3.49,3.697,3.904
2023-07-14,3.0,3.511,3.721,3.931
2023-07-17,3.0,3.499,3.708,3.916
2023-07-18,3.0,3.501,3.71,3.919
2023-07-19,3.0,3.515,3.726,3.937
2023-07-20,3.0,3.524,3.735,3.947
2023-07-21,3.0,3.509,3.719,3.929
2023-07-24,3.0,3.513,3.724,3.934
2023-07-25,3.0,3.53,3.743,3.955
2023-07-26,3.0,3.513,3.723,3.934
2023-07-27,3.0,3.541,3.755,3.969
2023-07-28,3.0,3.517,3.728,3.938
2023-07-31,3.0,3.489,3.696,3.903
2023-08-01,3.0,3.519,3.73,3.941
2023-08-02,3.0,3.514,3.724,3.935
2023-08-03,3.0,3.524,3.736,3.948
2023-08-04,3.0,3.516,3.727,3.938
2023-08-07,3.0,3.506,3.715,3.925
2023-08-08,3.0,3.492,3.7,3.908
2023-08-09,3.0,3.504,3.713,3.922
2023-08-10,3.0,3.495,3.703,3.911
2023-08-11,3.0,3.497,3.705,3.914
2023-08-14,3.0,3.51,3.72,3.93
2023-08-15,3.0,3.522,3.733,3.944
2023-08-16,3.0,3.506,3.715,3.924
2023-08-17,3.0,3.485,3.692,3.898
2023-08-18,3.0,3.503,3.712,3.921
2023-08-21,3.0,3.511,3.721,3.93
2023-08-22,3.0,3.488,3.694,3.901
2023-08-23,3.0,3.492,3.699,3.906
2023-08-24,3.0,3.492,3.699,3.906
2023-08-25,3.0,3.481,3.686,3.892
2023-08-28,3.0,3.496,3.703,3.911
2023-08-29,3.0,3.485,3.691,3.897
2023-08-30,3.0,3.489,3.696,3.902
2023-08-31,3.0,3.472,3.676,3.88
2023-09-01,3.0,3.475,3.679,3.884
2023-09-04,3.0,3.487,3.693,3.899
2023-09-05,3.0,3.472,3.675,3.879
2023-09-06,3.0,3.495,3.701,3.908
2023-09-07,3.0,3.467,3.67,3.873
2023-09-08,3.0,3.472,3.676,3.879
2023-09-11,3.0,3.478,3.683,3.887
2023-09-12,3.0,3.448,3.648,3.849
2023-09-13,3.0,3.441,3.641,3.84
2023-09-14,3.0,3.442,3.641,3.841
2023-09-15,3.0,3.473,3.676,3.879
2023-09-18,3.0,3.449,3.649,3.849
2023-09-19,3.0,3.484,3.688,3.892
2023-09-20,3.0,3.444,3.643,3.842
2023-09-21,3.0,3.45,3.65,3.85
2023-09-22,3.0,3.464,3.666,3.868
2023-09-25,3.0,3.468,3.669,3.871
2023-09-26,3.0,3.466,3.667,3.869
2023-09-27,3.0,3.453,3.653,3.853
2023-09-28,3.0,3.449,3.648,3.847
2023-09-29,3.0,3.441,3.639,3.838
2023-10-02,3.0,3.441,3.639,3.837
2023-10-03,3.0,3.423,3.619,3.814
2023-10-04,3.0,3.417,3.612,3.807
2023-10-05,3.0,3.425,3.621,3.817
2023-10-06,3.0,3.421,3.616,3.811
2023-10-09,3.0,3.415,3.61,3.804
2023-10-10,3.0,3.427,3.623,3.819
2023-10-11,3.0,3.428,3.624,3.82
2023-10-12,3.0,3.416,3.61,3.804
2023-10-13,3.0,3.43,3.626,3.823
2023-10-16,3.0,3.397,3.589,3.781
2023-10-17,3.0,3.407,3.6,3.793
2023-10-18,3.0,3.399,3.591,3.782
2023-10-19,3.0,3.383,3.573,3.763
2023-10-20,3.0,3.403,3.595,3.788
2023-10-23,3.0,3.401,3.593,3.785
2023-10-24,3.0,3.419,3.614,3.808
2023-10-25,3.0,3.407,3.6,3.793
2023-10-26,3.0,3.386,3.576,3.766
2023-10-27,3.0,3.42,3.614,3.808
2023-10-30,3.0,3.411,3.604,3.797
2023-10-31,3.0,3.402,3.594,3.786
2023-11-01,3.0,3.392,3.582,3.772
2023-11-02,3.0,3.382,3.571,3.76
2023-11-03,3.0,3.388,3.578,3.768
2023-11-06,3.0,3.405,3.597,3.789
2023-11-07,3.0,3.414,3.607,3.8
2023-11-08,3.0,3.409,3.602,3.794
2023-11-09,3.0,3.385,3.574,3.763
2023-11-10,3.0,3.377,3.565,3.754
2023-11-13,3.0,3.392,3.582,3.772
2023-11-14,3.0,3.369,3.556,3.743
2023-11-15,3.0,3.394,3.584,3.775
2023-11-16,3.0,3.388,3.578,3.768
2023-11-17,3.0,3.385,3.574,3.763
2023-11-20,3.0,3.371,3.559,3.747
2023-11-21,3.0,3.397,3.588,3.779
2023-11-22,3.0,3.385,3.574,3.764
2023-11-23,3.0,3.378,3.567,3.755
2023-11-24,3.0,3.358,3.544,3.73
2023-11-27,3.0,3.393,3.584,3.774
2023-11-28,3.0,3.416,3.609,3.802
2023-11-29,3.0,3.415,3.608,3.802
2023-11-30,3.0,3.391,3.581,3.771
2023-12-01,3.0,3.39,3.58,3.771
2023-12-04,3.0,3.404,3.596,3.788
2023-12-05,3.0,3.388,3.578,3.768
2023-12-06,3.0,3.405,3.597,3.789
2023-12-07,3.0,3.412,3.605,3.798
2023-12-08,3.0,3.419,3.613,3.807
2023-12-11,3.0,3.404,3.597,3.789
2023-12-12,3.0,3.405,3.597,3.79
2023-12-13,3.0,3.398,3.59,3.782
2023-12-14,3.0,3.401,3.593,3.785
2023-12-15,3.0,3.41,3.603,3.797
2023-12-18,3.0,3.419,3.614,3.808
2023-12-19,3.0,3.427,3.623,3.819
2023-12-20,3.0,3.409,3.602,3.796
2023-12-21,3.0,3.439,3.636,3.833
2023-12-22,3.0,3.419,3.615,3.81
2023-12-25,3.0,3.425,3.62,3.816
2023-12-26,3.0,3.418,3.613,3.808
2023-12-27,3.0,3.4,3.593,3.786
2023-12-28,3.0,3.442,3.64,3.839
2023-12-29,3.0,3.443,3.641,3.84
2024-01-01,3.0,3.433,3.63,3.827
2024-01-02,3.0,3.439,3.638,3.836
2024-01-03,3.0,3.447,3.646,3.846
2024-01-04,3.0,3.425,3.621,3.818
2024-01-05,3.0,3.439,3.638,3.836
2024-01-08,3.0,3.458,3.658,3.859
2024-01-09,3.0,3.435,3.634,3.832
2024-01-10,3.0,3.456,3.657,3.858
2024-01-11,3.0,3.439,3.638,3.837
2024-01-12,3.0,3.463,3.665,3.867
2024-01-15,3.0,3.46,3.661,3.863
2024-01-16,3.0,3.443,3.643,3.842
2024-01-17,3.0,3.479,3.683,3.887
2024-01-18,3.0,3.458,3.66,3.862
2024-01-19,3.0,3.46,3.662,3.864
2024-01-22,3.0,3.474,3.678,3.882
2024-01-23,3.0,3.488,3.693,3.899
2024-01-24,3.0,3.464,3.667,3.869
2024-01-25,3.0,3.479,3.684,3.888
2024-01-26,3.0,3.485,3.691,3.897
2024-01-29,3.0,3.491,3.697,3.903
2024-01-30,3.0,3.486,3.692,3.898
2024-01-31,3.0,3.482,3.687,3.893
2024-02-01,3.0,3.478,3.683,3.888
2024-02-02,3.0,3.491,3.698,3.905
2024-02-05,3.0,3.479,3.684,3.89
2024-02-06,3.0,3.458,3.661,3.864
2024-02-07,3.0,3.5,3.708,3.917
2024-02-08,3.0,3.507,3.717,3.926
2024-02-09,3.0,3.47,3.674,3.879
2024-02-12,3.0,3.487,3.694,3.901
2024-02-13,3.0,3.508,3.718,3.927
2024-02-14,3.0,3.527,3.738,3.95
2024-02-15,3.0,3.503,3.712,3.921
2024-02-16,3.0,3.495,3.703,3.911
2024-02-19,3.0,3.503,3.712,3.921
2024-02-20,3.0,3.523,3.734,3.945
2024-02-21,3.0,3.499,3.708,3.916
2024-02-22,3.0,3.498,3.706,3.915
2024-02-23,3.0,3.502,3.711,3.92
2024-02-26,3.0,3.497,3.706,3.914
2024-02-27,3.0,3.511,3.721,3.931
2024-02-28,3.0,3.529,3.741,3.954
2024-02-29,3.0,3.514,3.724,3.935
2024-03-01,3.0,3.507,3.717,3.926
2024-03-04,3.0,3.506,3.716,3.926
2024-03-05,3.0,3.491,3.699,3.906
2024-03-06,3.0,3.52,3.732,3.943
2024-03-07,3.0,3.509,3.718,3.928
2024-03-08,3.0,3.507,3.717,3.926
2024-03-11,3.0,3.547,3.762,3.976
2024-03-12,3.0,3.512,3.722,3.932
2024-03-13,3.0,3.499,3.707,3.916
2024-03-14,3.0,3.502,3.711,3.92
2024-03-15,3.0,3.52,3.731,3.942
2024-03-18,3.0,3.507,3.716,3.925
2024-03-19,3.0,3.487,3.694,3.901
2024-03-20,3.0,3.514,3.725,3.935
2024-03-21,3.0,3.494,3.702,3.91
2024-03-22,3.0,3.523,3.735,3.946
2024-03-25,3.0,3.513,3.722,3.932
2024-03-26,3.0,3.493,3.7,3.908
2024-03-27,3.0,3.512,3.722,3.932
2024-03-28,3.0,3.496,3.704,3.911
2024-03-29,3.0,3.504,3.712,3.921
2024-04-01,3.0,3.498,3.705,3.913
2024-04-02,3.0,3.48,3.685,3.891
2024-04-03,3.0,3.481,3.686,3.891
2024-04-04,3.0,3.499,3.706,3.914
2024-04-05,3.0,3.481,3.686,3.891
2024-04-08,3.0,3.478,3.683,3.887
2024-04-09,3.0,3.469,3.673,3.876
2024-04-10,3.0,3.484,3.689,3.894
2024-04-11,3.0,3.501,3.709,3.916
2024-04-12,3.0,3.461,3.664,3.866
2024-04-15,3.0,3.472,3.676,3.88
2024-04-16,3.0,3.487,3.692,3.897
2024-04-17,3.0,3.466,3.669,3.872
2024-04-18,3.0,3.47,3.674,3.877
2024-04-19,3.0,3.45,3.65,3.851
2024-04-22,3.0,3.465,3.668,3.87
2024-04-23,3.0,3.456,3.657,3.858
2024-04-24,3.0,3.467,3.67,3.872
2024-04-25,3.0,3.467,3.67,3.872
2024-04-26,3.0,3.482,3.686,3.89
2024-04-29,3.0,3.455,3.656,3.857
2024-04-30,3.0,3.45,3.65,3.85
2024-05-01,3.0,3.446,3.645,3.844
2024-05-02,3.0,3.437,3.635,3.833
2024-05-03,3.0,3.443,3.642,3.84
2024-05-06,3.0,3.433,3.63,3.828
2024-05-07,3.0,3.436,3.634,3.831
2024-05-08,3.0,3.448,3.647,3.846
2024-05-09,3.0,3.418,3.613,3.808
2024-05-10,3.0,3.441,3.639,3.837
2024-05-13,3.0,3.441,3.639,3.837
2024-05-14,3.0,3.422,3.617,3.812
2024-05-15,3.0,3.395,3.587,3.779
2024-05-16,3.0,3.412,3.605,3.799
2024-05-17,3.0,3.432,3.629,3.825
2024-05-20,3.0,3.415,3.609,3.803
2024-05-21,3.0,3.401,3.593,3.786
2024-05-22,3.0,3.405,3.598,3.79
2024-05-23,3.0,3.419,3.614,3.808
2024-05-24,3.0,3.414,3.608,3.802
2024-05-27,3.0,3.403,3.595,3.788
2024-05-28,3.0,3.4,3.592,3.784
2024-05-29,3.0,3.398,3.59,3.781
2024-05-30,3.0,3.39,3.581,3.771
2024-05-31,3.0,3.419,3.613,3.808
2024-06-03,3.0,3.395,3.586,3.777
2024-06-04,3.0,3.412,3.605,3.798
2024-06-05,3.0,3.415,3.608,3.801
2024-06-06,3.0,3.407,3.6,3.792
2024-06-07,3.0,3.389,3.579,3.769
2024-06-10,3.0,3.398,3.59,3.781
2024-06-11,3.0,3.392,3.583,3.773
2024-06-12,3.0,3.381,3.57,3.759
2024-06-13,3.0,3.395,3.586,3.777
2024-06-14,3.0,3.377,3.565,3.754
2024-06-17,3.0,3.405,3.597,3.789
2024-06-18,3.0,3.385,3.574,3.763
2024-06-19,3.0,3.393,3.583,3.773
2024-06-20,3.0,3.393,3.584,3.774
2024-06-21,3.0,3.387,3.577,3.766
2024-06-24,3.0,3.397,3.588,3.779
2024-06-25,3.0,3.385,3.574,3.763
2024-06-26,3.0,3.401,3.592,3.784
2024-06-27,3.0,3.375,3.563,3.751
2024-06-28,3.0,3.393,3.583,3.774
2024-07-01,3.0,3.415,3.608,3.802
2024-07-02,3.0,3.381,3.57,3.758
2024-07-03,3.0,3.385,3.575,3.764
2024-07-04,3.0,3.4,3.592,3.783
2024-07-05,3.0,3.397,3.588,3.78
2024-07-08,3.0,3.4,3.592,3.783
2024-07-09,3.0,3.403,3.595,3.787
2024-07-10,3.0,3.406,3.598,3.791
2024-07-11,3.0,3.413,3.606,3.8
2024-07-12,3.0,3.406,3.598,3.791
2024-07-15,3.0,3.4,3.591,3.783
2024-07-16,3.0,3.412,3.605,3.799
2024-07-17,3.0,3.428,3.624,3.819
2024-07-18,3.0,3.406,3.598,3.791
2024-07-19,3.0,3.397,3.589,3.781
2024-07-22,3.0,3.424,3.619,3.814
2024-07-23,3.0,3.411,3.605,3.798
2024-07-24,3.0,3.388,3.579,3.77
2024-07-25,3.0,3.427,3.622,3.818
2024-07-26,3.0,3.412,3.606,3.8
2024-07-29,3.0,3.419,3.614,3.809
2024-07-30,3.0,3.427,3.622,3.818
2024-07-31,3.0,3.427,3.623,3.819
2024-08-01,3.0,3.435,3.633,3.83
2024-08-02,3.0,3.424,3.62,3.816
2024-08-05,3.0,3.438,3.635,3.833
2024-08-06,3.0,3.431,3.627,3.824
2024-08-07,3.0,3.445,3.644,3.842
2024-08-08,3.0,3.446,3.645,3.844
2024-08-09,3.0,3.43,3.627,3.824
2024-08-12,3.0,3.456,3.657,3.857
2024-08-13,3.0,3.439,3.638,3.836
2024-08-14,3.0,3.458,3.658,3.859
2024-08-15,3.0,3.455,3.655,3.856
2024-08-16,3.0,3.475,3.678,3.881
2024-08-19,3.0,3.452,3.653,3.853
2024-08-20,3.0,3.453,3.654,3.855
2024-08-21,3.0,3.46,3.661,3.863
2024-08-22,3.0,3.459,3.66,3.862
2024-08-23,3.0,3.474,3.678,3.881
2024-08-26,3.0,3.447,3.648,3.848
2024-08-27,3.0,3.457,3.658,3.86
2024-08-28,3.0,3.459,3.661,3.863
2024-08-29,3.0,3.485,3.69,3.896
2024-08-30,3.0,3.496,3.703,3.91
2024-09-02,3.0,3.477,3.681,3.886
2024-09-03,3.0,3.478,3.683,3.888
2024-09-04,3.0,3.483,3.688,3.894
2024-09-05,3.0,3.498,3.705,3.913
2024-09-06,3.0,3.475,3.68,3.884
2024-09-09,3.0,3.491,3.698,3.904
2024-09-10,3.0,3.501,3.71,3.918
2024-09-11,3.0,3.498,3.705,3.913
2024-09-12,3.0,3.496,3.703,3.911
2024-09-13,3.0,3.507,3.716,3.925
2024-09-16,3.0,3.464,3.668,3.871
2024-09-17,3.0,3.506,3.715,3.924
2024-09-18,3.0,3.491,3.699,3.906
2024-09-19,3.0,3.479,3.684,3.89
2024-09-20,3.0,3.508,3.717,3.927
2024-09-23,3.0,3.52,3.73,3.941
2024-09-24,3.0,3.502,3.711,3.92
2024-09-25,3.0,3.517,3.727,3.938
2024-09-26,3.0,3.525,3.737,3.949
2024-09-27,3.0,3.523,3.734,3.946
2024-09-30,3.0,3.527,3.739,3.951
2024-10-01,3.0,3.517,3.728,3.939
2024-10-02,3.0,3.51,3.72,3.929
2024-10-03,3.0,3.49,3.697,3.905
2024-10-04,3.0,3.507,3.716,3.926
2024-10-07,3.0,3.5,3.708,3.917
2024-10-08,3.0,3.536,3.749,3.962
2024-10-09,3.0,3.508,3.718,3.927
2024-10-10,3.0,3.511,3.722,3.932
2024-10-11,3.0,3.516,3.727,3.938
2024-10-14,3.0,3.51,3.72,3.93
2024-10-15,3.0,3.53,3.742,3.954
2024-10-16,3.0,3.501,3.71,3.919
2024-10-17,3.0,3.511,3.721,3.931
2024-10-18,3.0,3.499,3.707,3.916
2024-10-21,3.0,3.491,3.699,3.906
2024-10-22,3.0,3.499,3.707,3.916
2024-10-23,3.0,3.505,3.714,3.923
2024-10-24,3.0,3.499,3.708,3.916
2024-10-25,3.0,3.495,3.703,3.911
2024-10-28,3.0,3.485,3.692,3.899
2024-10-29,3.0,3.5,3.708,3.917
2024-10-30,3.0,3.482,3.688,3.894
2024-10-31,3.0,3.507,3.717,3.926
2024-11-01,3.0,3.498,3.706,3.914
2024-11-04,3.0,3.478,3.683,3.889
2024-11-05,3.0,3.49,3.697,3.904
2024-11-06,3.0,3.483,3.689,3.895
2024-11-07,3.0,3.494,3.701,3.909
2024-11-08,3.0,3.505,3.713,3.921
2024-11-11,3.0,3.464,3.667,3.871
2024-11-12,3.0,3.486,3.692,3.898
2024-11-13,3.0,3.481,3.686,3.891
2024-11-14,3.0,3.489,3.695,3.901
2024-11-15,3.0,3.481,3.686,3.891
2024-11-18,3.0,3.467,3.671,3.874
2024-11-19,3.0,3.47,3.674,3.878
2024-11-20,3.0,3.463,3.665,3.867
2024-11-21,3.0,3.483,3.688,3.893
2024-11-22,3.0,3.468,3.671,3.874
2024-11-25,3.0,3.488,3.693,3.899
2024-11-26,3.0,3.462,3.664,3.866
2024-11-27,3.0,3.452,3.653,3.853
2024-11-28,3.0,3.44,3.639,3.838
2024-11-29,3.0,3.434,3.632,3.831
2024-12-02,3.0,3.434,3.633,3.831
2024-12-03,3.0,3.454,3.655,3.855
2024-12-04,3.0,3.455,3.655,3.856
2024-12-05,3.0,3.427,3.624,3.821
2024-12-06,3.0,3.455,3.655,3.855
2024-12-09,3.0,3.436,3.633,3.831
2024-12-10,3.0,3.441,3.639,3.838
2024-12-11,3.0,3.456,3.656,3.856
2024-12-12,3.0,3.445,3.644,3.843
2024-12-13,3.0,3.429,3.625,3.822
2024-12-16,3.0,3.419,3.614,3.81
2024-12-17,3.0,3.402,3.595,3.788
2024-12-18,3.0,3.417,3.612,3.806
2024-12-19,3.0,3.421,3.616,3.811
2024-12-20,3.0,3.409,3.603,3.797
2024-12-23,3.0,3.417,3.612,3.807
2024-12-24,3.0,3.418,3.612,3.807
2024-12-25,3.0,3.412,3.606,3.8
2024-12-26,3.0,3.405,3.598,3.791
2024-12-27,3.0,3.413,3.607,3.801
2024-12-30,3.0,3.415,3.609,3.802
2024-12-31,3.0,3.395,3.586,3.777
2025-01-01,3.0,3.423,3.618,3.812
2025-01-02,3.0,3.403,3.595,3.788
2025-01-03,3.0,3.403,3.595,3.787
2025-01-06,3.0,3.41,3.603,3.796
2025-01-07,3.0,3.403,3.595,3.787
2025-01-08,3.0,3.41,3.603,3.796
2025-01-09,3.0,3.401,3.593,3.784
2025-01-10,3.0,3.389,3.579,3.769
2025-01-13,3.0,3.4,3.591,3.783
2025-01-14,3.0,3.381,3.57,3.759
2025-01-15,3.0,3.395,3.586,3.776
2025-01-16,3.0,3.392,3.583,3.773
2025-01-17,3.0,3.39,3.58,3.77
2025-01-20,3.0,3.39,3.58,3.77
2025-01-21,3.0,3.368,3.556,3.743
2025-01-22,3.0,3.384,3.573,3.763
2025-01-23,3.0,3.391,3.582,3.772
2025-01-24,3.0,3.392,3.582,3.773
2025-01-27,3.0,3.378,3.566,3.755
2025-01-28,3.0,3.405,3.597,3.789
2025-01-29,3.0,3.38,3.568,3.757
2025-01-30,3.0,3.402,3.593,3.785
2025-01-31,3.0,3.396,3.586,3.777
2025-02-03,3.0,3.383,3.572,3.761
2025-02-04,3.0,3.413,3.606,3.798
2025-02-05,3.0,3.378,3.566,3.755
2025-02-06,3.0,3.404,3.595,3.787
2025-02-07,3.0,3.405,3.597,3.789
2025-02-10,3.0,3.386,3.576,3.765
2025-02-11,3.0,3.412,3.605,3.798
2025-02-12,3.0,3.393,3.584,3.774
2025-02-13,3.0,3.401,3.592,3.784
2025-02-14,3.0,3.401,3.593,3.785
2025-02-17,3.0,3.398,3.589,3.781
2025-02-18,3.0,3.411,3.604,3.797
2025-02-19,3.0,3.412,3.605,3.798
2025-02-20,3.0,3.383,3.573,3.762
2025-02-21,3.0,3.421,3.616,3.81
2025-02-24,3.0,3.387,3.577,3.768
2025-02-25,3.0,3.421,3.616,3.81
2025-02-26,3.0,3.424,3.619,3.814
2025-02-27,3.0,3.399,3.591,3.783
2025-02-28,3.0,3.409,3.603,3.796
2025-03-03,3.0,3.403,3.596,3.788
2025-03-04,3.0,3.416,3.61,3.804
2025-03-05,3.0,3.417,3.611,3.806
2025-03-06,3.0,3.432,3.628,3.825
2025-03-07,3.0,3.44,3.638,3.836
2025-03-10,3.0,3.443,3.642,3.84
2025-03-11,3.0,3.422,3.618,3.814
2025-03-12,3.0,3.429,3.625,3.822
2025-03-13,3.0,3.413,3.608,3.803
2025-03-14,3.0,3.426,3.623,3.819
2025-03-17,3.0,3.45,3.649,3.849
2025-03-18,3.0,3.46,3.661,3.862
2025-03-19,3.0,3.428,3.625,3.822
2025-03-20,3.0,3.438,3.637,3.835
2025-03-21,3.0,3.447,3.647,3.847
2025-03-24,3.0,3.453,3.654,3.854
2025-03-25,3.0,3.443,3.642,3.841
2025-03-26,3.0,3.46,3.661,3.863
2025-03-27,3.0,3.452,3.652,3.853
2025-03-28,3.0,3.459,3.661,3.863
2025-03-31,3.0,3.469,3.671,3.874
2025-04-01,3.0,3.464,3.667,3.869
2025-04-02,3.0,3.461,3.664,3.866
2025-04-03,3.0,3.468,3.671,3.874
2025-04-04,3.0,3.47,3.674,3.877
2025-04-07,3.0,3.469,3.672,3.876
2025-04-08,3.0,3.473,3.676,3.88
2025-04-09,3.0,3.497,3.704,3.911
2025-04-10,3.0,3.487,3.692,3.898
2025-04-11,3.0,3.478,3.683,3.888
2025-04-14,3.0,3.492,3.699,3.906
2025-04-15,3.0,3.482,3.687,3.893
2025-04-16,3.0,3.502,3.71,3.918
2025-04-17,3.0,3.494,3.701,3.908
2025-04-18,3.0,3.49,3.697,3.904
2025-04-21,3.0,3.498,3.706,3.914
2025-04-22,3.0,3.476,3.681,3.886
2025-04-23,3.0,3.483,3.689,3.895
2025-04-24,3.0,3.483,3.69,3.896
2025-04-25,3.0,3.501,3.709,3.918
2025-04-28,3.0,3.521,3.732,3.943
2025-04-29,3.0,3.529,3.741,3.953
2025-04-30,3.0,3.511,3.72,3.93
2025-05-01,3.0,3.51,3.72,3.93
2025-05-02,3.0,3.483,3.69,3.896
2025-05-05,3.0,3.499,3.708,3.916
2025-05-06,3.0,3.497,3.706,3.914
2025-05-07,3.0,3.5,3.709,3.917
2025-05-08,3.0,3.506,3.716,3.925
2025-05-09,3.0,3.503,3.712,3.921
2025-05-12,3.0,3.485,3.692,3.899
2025-05-13,3.0,3.518,3.73,3.941
2025-05-14,3.0,3.497,3.705,3.914
2025-05-15,3.0,3.513,3.723,3.933
2025-05-16,3.0,3.535,3.748,3.961
2025-05-19,3.0,3.499,3.708,3.916
2025-05-20,3.0,3.479,3.686,3.892
2025-05-21,3.0,3.506,3.716,3.925
2025-05-22,3.0,3.523,3.734,3.946
2025-05-23,3.0,3.532,3.745,3.958
2025-05-26,3.0,3.494,3.702,3.909
2025-05-27,3.0,3.514,3.724,3.935
2025-05-28,3.0,3.502,3.71,3.919
2025-05-29,3.0,3.505,3.714,3.924
2025-05-30,3.0,3.537,3.75,3.964
2025-06-02,3.0,3.486,3.693,3.9
2025-06-03,3.0,3.507,3.716,3.925
2025-06-04,3.0,3.508,3.717,3.927
2025-06-05,3.0,3.514,3.724,3.934
2025-06-06,3.0,3.501,3.709,3.918
2025-06-09,3.0,3.502,3.711,3.919
2025-06-10,3.0,3.492,3.7,3.907
2025-06-11,3.0,3.499,3.707,3.915
2025-06-12,3.0,3.49,3.697,3.903
2025-06-13,3.0,3.5,3.708,3.916
2025-06-16,3.0,3.486,3.692,3.898
2025-06-17,3.0,3.493,3.7,3.907
2025-06-18,3.0,3.486,3.693,3.899
2025-06-19,3.0,3.498,3.706,3.913
2025-06-20,3.0,3.482,3.688,3.893
2025-06-23,3.0,3.46,3.662,3.865
2025-06-24,3.0,3.494,3.701,3.907
2025-06-25,3.0,3.466,3.669,3.872
2025-06-26,3.0,3.467,3.67,3.873
2025-06-27,3.0,3.465,3.668,3.871
2025-06-30,3.0,3.486,3.692,3.897
2025-07-01,3.0,3.442,3.642,3.842
2025-07-02,3.0,3.503,3.71,3.918
2025-07-03,3.0,3.476,3.68,3.883
2025-07-04,3.0,3.463,3.666,3.868
2025-07-07,3.0,3.458,3.659,3.86
2025-07-08,3.0,3.459,3.661,3.862
2025-07-09,3.0,3.46,3.661,3.863
2025-07-10,3.0,3.459,3.66,3.861
2025-07-11,3.0,3.455,3.656,3.857
2025-07-14,3.0,3.447,3.647,3.847
2025-07-15,3.0,3.442,3.64,3.839
2025-07-16,3.0,3.44,3.638,3.837
2025-07-17,3.0,3.437,3.635,3.833
2025-07-18,3.0,3.451,3.65,3.85
2025-07-21,3.0,3.442,3.64,3.838
2025-07-22,3.0,3.397,3.59,3.782
2025-07-23,3.0,3.438,3.635,3.833
2025-07-24,3.0,3.43,3.627,3.823
2025-07-25,3.0,3.425,3.621,3.817
2025-07-28,3.0,3.419,3.614,3.809
2025-07-29,3.0,3.435,3.632,3.828
2025-07-30,3.0,3.431,3.627,3.823
2025-07-31,3.0,3.408,3.601,3.795
2025-08-01,3.0,3.42,3.615,3.81
2025-08-04,3.0,3.402,3.594,3.786
2025-08-05,3.0,3.395,3.586,3.778
2025-08-06,3.0,3.402,3.594,3.787
2025-08-07,3.0,3.418,3.612,3.807
2025-08-08,3.0,3.418,3.612,3.806
2025-08-11,3.0,3.411,3.604,3.797
2025-08-12,3.0,3.412,3.605,3.798
2025-08-13,3.0,3.408,3.6,3.793
2025-08-14,3.0,3.392,3.583,3.774
2025-08-15,3.0,3.404,3.596,3.788
2025-08-18,3.0,3.407,3.6,3.792
2025-08-19,3.0,3.406,3.598,3.79
2025-08-20,3.0,3.41,3.602,3.795
2025-08-21,3.0,3.403,3.595,3.787
2025-08-22,3.0,3.398,3.589,3.78
2025-08-25,3.0,3.406,3.598,3.79
2025-08-26,3.0,3.392,3.582,3.773
2025-08-27,3.0,3.381,3.57,3.759
2025-08-28,3.0,3.389,3.579,3.769
2025-08-29,3.0,3.382,3.571,3.76
2025-09-01,3.0,3.382,3.571,3.76
2025-09-02,3.0,3.388,3.578,3.768
2025-09-03,3.0,3.381,3.569,3.758
2025-09-04,3.0,3.386,3.576,3.765
2025-09-05,3.0,3.367,3.555,3.742
2025-09-08,3.0,3.393,3.583,3.774
2025-09-09,3.0,3.391,3.581,3.771
2025-09-10,3.0,3.381,3.57,3.759
2025-09-11,3.0,3.399,3.59,3.782
2025-09-12,3.0,3.403,3.595,3.787
2025-09-15,3.0,3.373,3.561,3.749
2025-09-16,3.0,3.384,3.573,3.763
2025-09-17,3.0,3.385,3.574,3.764
2025-09-18,3.0,3.384,3.573,3.763
2025-09-19,3.0,3.406,3.598,3.79
2025-09-22,3.0,3.395,3.586,3.776
2025-09-23,3.0,3.395,3.586,3.777
2025-09-24,3.0,3.375,3.564,3.753
2025-09-25,3.0,3.408,3.601,3.794
2025-09-26,3.0,3.387,3.578,3.768
2025-09-29,3.0,3.404,3.597,3.789
2025-09-30,3.0,3.409,3.602,3.795
2025-10-01,3.0,3.423,3.618,3.813
2025-10-02,3.0,3.393,3.584,3.775
2025-10-03,3.0,3.374,3.563,3.752
2025-10-06,3.0,3.414,3.608,3.802
2025-10-07,3.0,3.436,3.632,3.829
2025-10-08,3.0,3.431,3.627,3.823
2025-10-09,3.0,3.421,3.616,3.811
2025-10-10,3.0,3.414,3.608,3.803
2025-10-13,3.0,3.432,3.628,3.825
2025-10-14,3.0,3.413,3.607,3.801
2025-10-15,3.0,3.432,3.629,3.826
2025-10-16,3.0,3.435,3.632,3.829
2025-10-17,3.0,3.444,3.642,3.841
2025-10-20,3.0,3.466,3.668,3.869
2025-10-21,3.0,3.44,3.639,3.837
2025-10-22,3.0,3.432,3.629,3.826
2025-10-23,3.0,3.44,3.638,3.837
2025-10-24,3.0,3.422,3.618,3.814
2025-10-27,3.0,3.437,3.635,3.833
2025-10-28,3.0,3.443,3.642,3.841
2025-10-29,3.0,3.444,3.643,3.842
2025-10-30,3.0,3.454,3.655,3.855
2025-10-31,3.0,3.445,3.644,3.844
2025-11-03,3.0,3.471,3.673,3.876
2025-11-04,3.0,3.459,3.661,3.863
2025-11-05,3.0,3.462,3.664,3.866
2025-11-06,3.0,3.46,3.662,3.864
2025-11-07,3.0,3.468,3.671,3.874
2025-11-10,3.0,3.479,3.683,3.887
2025-11-11,3.0,3.461,3.663,3.865
2025-11-12,3.0,3.465,3.668,3.871
2025-11-13,3.0,3.472,3.676,3.879
2025-11-14,3.0,3.461,3.664,3.867
2025-11-17,3.0,3.47,3.674,3.877
2025-11-18,3.0,3.476,3.681,3.885
2025-11-19,3.0,3.494,3.701,3.908
2025-11-20,3.0,3.489,3.695,3.902
2025-11-21,3.0,3.49,3.697,3.903
2025-11-24,3.0,3.5,3.708,3.915
2025-11-25,3.0,3.49,3.696,3.903
2025-11-26,3.0,3.498,3.705,3.913
2025-11-27,3.0,3.493,3.701,3.908
2025-11-28,3.0,3.499,3.707,3.916
2025-12-01,3.0,3.491,3.698,3.905
2025-12-02,3.0,3.47,3.674,3.879
2025-12-03,3.0,3.499,3.707,3.915
2025-12-04,3.0,3.519,3.73,3.94
2025-12-05,3.0,3.514,3.724,3.934
2025-12-08,3.0,3.516,3.726,3.936
2025-12-09,3.0,3.52,3.731,3.942
2025-12-10,3.0,3.507,3.716,3.926
2025-12-11,3.0,3.509,3.719,3.929
2025-12-12,3.0,3.5,3.709,3.917
2025-12-15,3.0,3.504,3.714,3.923
2025-12-16,3.0,3.516,3.727,3.937
2025-12-17,3.0,3.524,3.735,3.947
2025-12-18,3.0,3.508,3.718,3.927
2025-12-19,3.0,3.504,3.714,3.923
2025-12-22,3.0,3.51,3.72,3.93
2025-12-23,3.0,3.517,3.728,3.939
2025-12-24,3.0,3.493,3.7,3.908
2025-12-25,3.0,3.482,3.689,3.895
2025-12-26,3.0,3.503,3.712,3.921
2025-12-29,3.0,3.495,3.703,3.911
2025-12-30,3.0,3.503,3.712,3.921
2025-12-31,3.0,3.507,3.716,3.926
2026-01-01,3.0,3.502,3.711,3.92
2026-01-02,3.0,3.525,3.736,3.948
2026-01-05,3.0,3.51,3.72,3.93
2026-01-06,3.0,3.509,3.719,3.929
2026-01-07,3.0,3.512,3.722,3.932
2026-01-08,3.0,3.49,3.697,3.904
2026-01-09,3.0,3.515,3.725,3.935
2026-01-12,3.0,3.5,3.709,3.917
2026-01-13,3.0,3.508,3.717,3.927
2026-01-14,3.0,3.486,3.692,3.899
2026-01-15,3.0,3.478,3.684,3.89
2026-01-16,3.0,3.505,3.714,3.923
2026-01-19,3.0,3.499,3.706,3.914
2026-01-20,3.0,3.481,3.687,3.893
2026-01-21,3.0,3.48,3.686,3.891
2026-01-22,3.0,3.502,3.71,3.919
2026-01-23,3.0,3.473,3.677,3.881
2026-01-26,3.0,3.505,3.713,3.921
2026-01-27,3.0,3.472,3.676,3.881
2026-01-28,3.0,3.489,3.695,3.901
2026-01-29,3.0,3.475,3.679,3.884
2026-01-30,3.0,3.484,3.689,3.895
2026-02-02,3.0,3.468,3.671,3.875
2026-02-03,3.0,3.47,3.674,3.877
2026-02-04,3.0,3.471,3.674,3.878
2026-02-05,3.0,3.456,3.657,3.859
2026-02-06,3.0,3.474,3.678,3.882
2026-02-09,3.0,3.457,3.659,3.86
2026-02-10,3.0,3.458,3.66,3.861
2026-02-11,3.0,3.447,3.647,3.846
2026-02-12,3.0,3.425,3.623,3.82
2026-02-13,3.0,3.451,3.652,3.852
2026-02-16,3.0,3.48,3.684,3.888
2026-02-17,3.0,3.458,3.659,3.86
2026-02-18,3.0,3.446,3.646,3.845
2026-02-19,3.0,3.441,3.64,3.838
2026-02-20,3.0,3.442,3.641,3.839
2026-02-23,3.0,3.446,3.645,3.844
2026-02-24,3.0,3.423,3.619,3.815
2026-02-25,3.0,3.448,3.647,3.846
2026-02-26,3.0,3.441,3.639,3.837
2026-02-27,3.0,3.439,3.637,3.834
2026-03-02,3.0,3.433,3.63,3.827
2026-03-03,3.0,3.426,3.622,3.818
2026-03-04,3.0,3.432,3.628,3.825
2026-03-05,3.0,3.428,3.625,3.821
2026-03-06,3.0,3.415,3.609,3.804
2026-03-09,3.0,3.41,3.604,3.798
2026-03-10,3.0,3.417,3.611,3.805
2026-03-11,3.0,3.432,3.628,3.824
2026-03-12,3.0,3.397,3.588,3.78
2026-03-13,3.0,3.392,3.583,3.774
2026-03-16,3.0,3.41,3.603,3.796
2026-03-17,3.0,3.407,3.6,3.792
2026-03-18,3.0,3.407,3.599,3.792
2026-03-19,3.0,3.406,3.599,3.791
2026-03-20,3.0,3.399,3.591,3.782
2026-03-23,3.0,3.418,3.612,3.806
2026-03-24,3.0,3.38,3.569,3.758
2026-03-25,3.0,3.388,3.578,3.768
2026-03-26,3.0,3.395,3.586,3.777
2026-03-27,3.0,3.376,3.564,3.753
2026-03-30,3.0,3.392,3.583,3.773
2026-03-31,3.0,3.414,3.607,3.8
2026-04-01,3.0,3.393,3.584,3.774
2026-04-02,3.0,3.395,3.586,3.776
2026-04-03,3.0,3.377,3.565,3.753
2026-04-06,3.0,3.384,3.573,3.762
2026-04-07,3.0,3.386,3.576,3.765
2026-04-08,3.0,3.387,3.576,3.766
2026-04-09,3.0,3.406,3.597,3.789
2026-04-10,3.0,3.397,3.588,3.778
2026-04-13,3.0,3.377,3.565,3.753
2026-04-14,3.0,3.393,3.583,3.774
2026-04-15,3.0,3.396,3.587,3.778
2026-04-16,3.0,3.404,3.596,3.788
2026-04-17,3.0,3.41,3.602,3.795
2026-04-20,3.0,3.379,3.568,3.756
2026-04-21,3.0,3.382,3.571,3.76
2026-04-22,3.0,3.377,3.566,3.754
2026-04-23,3.0,3.39,3.581,3.771
2026-04-24,3.0,3.4,3.591,3.782
2026-04-27,3.0,3.407,3.599,3.791
2026-04-28,3.0,3.395,3.586,3.777
2026-04-29,3.0,3.393,3.584,3.774
2026-04-30,3.0,3.4,3.592,3.783
2026-05-01,3.0,3.389,3.58,3.77
2026-05-04,3.0,3.426,3.621,3.816
2026-05-05,3.0,3.383,3.572,3.762
2026-05-06,3.0,3.406,3.598,3.791
2026-05-07,3.0,3.429,3.625,3.821
2026-05-08,3.0,3.407,3.6,3.792
2026-05-11,3.0,3.406,3.599,3.792
2026-05-12,3.0,3.406,3.599,3.792
2026-05-13,3.0,3.41,3.603,3.797
2026-05-14,3.0,3.43,3.626,3.823
2026-05-15,3.0,3.389,3.58,3.771
2026-05-18,3.0,3.436,3.633,3.83
2026-05-19,3.0,3.403,3.596,3.789
2026-05-20,3.0,3.419,3.614,3.809
2026-05-21,3.0,3.419,3.614,3.809
2026-05-22,3.0,3.433,3.63,3.827
2026-05-25,3.0,3.409,3.603,3.798
2026-05-26,3.0,3.436,3.634,3.831
2026-05-27,3.0,3.457,3.658,3.858
2026-05-28,3.0,3.419,3.615,3.81
2026-05-29,3.0,3.44,3.638,3.837
2026-06-01,3.0,3.432,3.63,3.827
2026-06-02,3.0,3.448,3.647,3.846
2026-06-03,3.0,3.445,3.644,3.844
2026-06-04,3.0,3.44,3.638,3.837
2026-06-05,3.0,3.456,3.656,3.857
2026-06-08,3.0,3.474,3.677,3.88
2026-06-09,3.0,3.452,3.653,3.853
2026-06-10,3.0,3.466,3.668,3.87
2026-06-11,3.0,3.444,3.643,3.843
2026-06-12,3.0,3.45,3.651,3.851
2026-06-15,3.0,3.47,3.673,3.876
2026-06-16,3.0,3.484,3.689,3.894
2026-06-17,3.0,3.473,3.677,3.88
2026-06-18,3.0,3.467,3.67,3.873
2026-06-19,3.0,3.473,3.677,3.881
2026-06-22,3.0,3.46,3.663,3.865
2026-06-23,3.0,3.485,3.69,3.896
2026-06-24,3.0,3.49,3.696,3.903
2026-06-25,3.0,3.476,3.681,3.885
2026-06-26,3.0,3.478,3.683,3.888
2026-06-29,3.0,3.489,3.695,3.901
2026-06-30,3.0,3.482,3.688,3.893
2026-07-01,3.0,3.489,3.695,3.901
2026-07-02,3.0,3.516,3.726,3.936
2026-07-03,3.0,3.49,3.697,3.903
2026-07-06,3.0,3.49,3.697,3.904
2026-07-07,3.0,3.488,3.695,3.902
2026-07-08,3.0,3.506,3.716,3.925
2026-07-09,3.0,3.497,3.705,3.913
2026-07-10,3.0,3.493,3.7,3.907
2026-07-13,3.0,3.517,3.728,3.939
2026-07-14,3.0,3.52,3.731,3.942
2026-07-15,3.0,3.497,3.705,3.913
2026-07-16,3.0,3.482,3.689,3.895
2026-07-17,3.0,3.518,3.729,3.94
2026-07-20,3.0,3.498,3.707,3.915
2026-07-21,3.0,3.517,3.728,3.938
2026-07-22,3.0,3.484,3.691,3.898
2026-07-23,3.0,3.519,3.73,3.942
2026-07-24,3.0,3.495,3.703,3.911
2026-07-27,3.0,3.518,3.729,3.94
2026-07-28,3.0,3.51,3.72,3.93
2026-07-29,3.0,3.498,3.707,3.916
2026-07-30,3.0,3.505,3.714,3.924
2026-07-31,3.0,3.518,3.729,3.94
2026-08-03,3.0,3.511,3.721,3.931
2026-08-04,3.0,3.517,3.728,3.938
2026-08-05,3.0,3.533,3.746,3.959
2026-08-06,3.0,3.49,3.698,3.905
2026-08-07,3.0,3.528,3.74,3.952
2026-08-10,3.0,3.509,3.719,3.929
2026-08-11,3.0,3.496,3.705,3.913
2026-08-12,3.0,3.491,3.698,3.905
2026-08-13,3.0,3.503,3.712,3.921
2026-08-14,3.0,3.516,3.726,3.937
2026-08-17,3.0,3.502,3.711,3.92
2026-08-18,3.0,3.521,3.732,3.943
2026-08-19,3.0,3.484,3.69,3.897
2026-08-20,3.0,3.5,3.708,3.917
2026-08-21,3.0,3.484,3.69,3.896
2026-08-24,3.0,3.502,3.71,3.918
2026-08-25,3.0,3.506,3.715,3.924
2026-08-26,3.0,3.489,3.696,3.903
2026-08-27,3.0,3.461,3.664,3.868
2026-08-28,3.0,3.493,3.7,3.907
2026-08-31,3.0,3.494,3.701,3.908
2026-09-01,3.0,3.492,3.699,3.906
